sample_rate_hz,frequency_hz,analog_magnitude_db,measured_magnitude_db,legacy_analog_magnitude_db,analog_phase_deg,measured_phase_deg,magnitude_error_db,phase_error_deg
44100,20,-0.0011777671796,-0.00117282257203,-3.20324004205e-06,0.878068941846,0.877953918269,4.94460756564e-06,-0.000115023576951
44100,22,-0.000974883851325,-0.000976528553634,-3.87592017008e-06,0.786062233662,0.78614650418,-1.64470230887e-06,8.42705181401e-05
44100,24,-0.000820842847953,-0.000816657800383,-4.61266496138e-06,0.708322340767,0.708259190397,4.18504757073e-06,-6.31503697123e-05
44100,26,-0.000701236551657,-0.00070134507203,-5.41347438598e-06,0.641557722748,0.641605858028,-1.08520373224e-07,4.8135279691e-05
44100,28,-0.000606610336186,-0.000602586226573,-6.27834840662e-06,0.583417023573,0.583379748767,4.02410961255e-06,-3.72748065428e-05
44100,31,-0.000498031027535,-0.000491302707069,-7.69578048483e-06,0.508725196057,0.508734077425,6.72832046535e-06,8.88136766733e-06
44100,34,-0.000417515397333,-0.000415206510254,-9.25735769746e-06,0.445522105087,0.445540466578,2.30888707743e-06,1.83614914076e-05
44100,37,-0.000356397948508,-0.000354415688236,-1.09630799034e-05,0.391013532897,0.391008003486,1.98226027251e-06,-5.52941103096e-06
44100,40,-0.000309134981968,-0.000303817706845,-1.28129469357e-05,0.343243414297,0.343233807814,5.31727512409e-06,-9.6064831143e-06
44100,44,-0.000261484037288,-0.000255370153456,-1.55036613091e-05,0.287649885375,0.287643589647,6.11388383229e-06,-6.29572792563e-06
44100,47,-0.000234176846031,-0.00022706494932,-1.76898655923e-05,0.250737260034,0.250739717212,7.11189671152e-06,2.45717801522e-06
44100,52,-0.000200100737932,-0.000192000808247,-2.16538597504e-05,0.196223706961,0.196221087669,8.09992968359e-06,-2.61929240716e-06
44100,56,-0.000180400622365,-0.000171133068386,-2.51133427985e-05,0.157568233955,0.157566635111,9.26755397952e-06,-1.5988442925e-06
44100,61,-0.000162577504002,-0.000151886952179,-2.97980553302e-05,0.114021549296,0.114020966182,1.06905518215e-05,-5.83114404466e-07
44100,67,-0.000148494059051,-0.000135472506867,-3.59482348752e-05,0.0671983475815,0.0671983506111,1.30215521821e-05,3.02964029885e-09
44100,73,-0.000140215988692,-0.00012474510977,-4.26749844446e-05,0.0249217164077,0.0249219348618,1.54708789227e-05,2.1845415064e-07
44100,80,-0.000135939053263,-0.000117529456272,-5.12515760396e-05,-0.020019373201,-0.0200189446831,1.84095969908e-05,4.28517942609e-07
44100,87,-0.000136034180451,-0.000114284600217,-6.06129357504e-05,-0.0613264869143,-0.061327387816,2.17495802333e-05,-9.00901721659e-07
44100,95,-0.000140257965786,-0.000114362727339,-7.22725670125e-05,-0.105115285591,-0.105116380275,2.58952384473e-05,-1.09468321795e-06
44100,103,-0.000147973309879,-0.000117578962125,-8.49571876205e-05,-0.146071207177,-0.146072441997,3.03943477551e-05,-1.23481943594e-06
44100,112,-0.000160060611323,-0.000124300905802,-0.000100452557919,-0.189516251377,-0.189515963203,3.57597055214e-05,2.88174220289e-07
44100,123,-0.000178933376205,-0.000135800211228,-0.000121153010845,-0.239694465002,-0.239695903442,4.31331649766e-05,-1.43843945089e-06
44100,134,-0.000201681213075,-0.000150452778468,-0.000143791273081,-0.287402608259,-0.287403052145,5.12284346066e-05,-4.43886367612e-07
44100,146,-0.000230403559436,-0.000169920913892,-0.000170697589366,-0.337286718607,-0.337287069557,6.04826455449e-05,-3.50950329261e-07
44100,159,-0.000265706858284,-0.000194575322205,-0.000202448444008,-0.389359121385,-0.389360679225,7.11315360766e-05,-1.55783996376e-06
44100,173,-0.000308256617656,-0.00022468078331,-0.000239668337722,-0.443663410237,-0.443662882476,8.35758343471e-05,5.27760544298e-07
44100,189,-0.000362329041697,-0.000263423613598,-0.000286048649188,-0.503985440393,-0.503985175853,9.89054280989e-05,2.64540539813e-07
44100,206,-0.000425886775854,-0.00030932445972,-0.000339819443319,-0.566507757834,-0.566508031122,0.000116562316134,-2.73287901203e-07
44100,224,-0.000499835790023,-0.000363777936774,-0.000401797219924,-0.631346092693,-0.631347814664,0.000136057853248,-1.72197073048e-06
44100,245,-0.000594569187621,-0.000434104351836,-0.000480661545902,-0.705624841937,-0.705625781701,0.000160464835787,-9.3976389541e-07
44100,267,-0.000703430555123,-0.000515689547467,-0.000570854624342,-0.782222951622,-0.782224916996,0.000187741007653,-1.96537381101e-06
44100,291,-0.000833282555152,-0.00061457430991,-0.000678084745214,-0.864690104161,-0.864692355576,0.000218708245243,-2.25141459925e-06
44100,317,-0.000986913203064,-0.000733474490711,-0.000804656665962,-0.953032856293,-0.953035863225,0.000253438712353,-3.00693196816e-06
44100,346,-0.00117407506787,-0.000880370936562,-0.000958599287549,-1.05062450334,-1.05062764248,0.000293704131305,-3.13913687414e-06
44100,377,-0.00139249714023,-0.00105494845498,-0.00113804446197,-1.15409533264,-1.15410048487,0.000337548685252,-5.15223320408e-06
44100,411,-0.0016537957358,-0.00126781337488,-0.00135254013827,-1.26679790099,-1.26680346389,0.000385982360917,-5.56290375447e-06
44100,448,-0.00196393298595,-0.00152594136393,-0.00160698073811,-1.38872544385,-1.38873322153,0.000437991622025,-7.77767300747e-06
44100,488,-0.00232939489976,-0.00183718351085,-0.0019066909227,-1.51988506422,-1.51989490024,0.000492211388913,-9.83602583062e-06
44100,532,-0.00276757062481,-0.00221945307038,-0.0022659334613,-1.6635513088,-1.66356393823,0.00054811755443,-1.26294244856e-05
44100,580,-0.00328874940947,-0.00268566967456,-0.00269314623552,-1.81971174544,-1.81972811661,0.000603079734917,-1.63711771506e-05
44100,632,-0.00390414867357,-0.00325019688712,-0.00319752952868,-1.98836540931,-1.98838670543,0.000653951786454,-2.12961258948e-05
44100,689,-0.00463935674763,-0.00394127093422,-0.00380006240007,-2.17274917851,-2.17277682807,0.000698085813412,-2.76495588463e-05
44100,752,-0.00552568175834,-0.00479382879392,-0.00452641180658,-2.37607613593,-2.37611242379,0.000731852964424,-3.62878586694e-05
44100,819,-0.00655315840879,-0.00580161064589,-0.00536842491434,-2.59188753565,-2.59193443595,0.000751547762892,-4.69002932359e-05
44100,893,-0.00778957758789,-0.00703281299312,-0.00638167527156,-2.82983871776,-2.82989922054,0.000756764594772,-6.05027828709e-05
44100,974,-0.00926509105847,-0.00851536065454,-0.00759089968883,-3.08990086491,-3.08997909472,0.000749730403929,-7.82298053947e-05
44100,1062,-0.0110126443843,-0.010274182989,-0.00902313623885,-3.37204915056,-3.37215066344,0.000738461395247,-0.000101512885692
44100,1158,-0.0130905201726,-0.0123520285844,-0.0107262050951,-3.67945940099,-3.67959094629,0.000738491588207,-0.000131545294766
44100,1262,-0.0155431643993,-0.0147703078555,-0.0127366094771,-4.01209354022,-4.01226347772,0.000772856543768,-0.000169937507684
44100,1376,-0.0184721327703,-0.0176019066173,-0.0151376998718,-4.37629525947,-4.37651522836,0.000870226153072,-0.000219968881755
44100,1500,-0.0219430637745,-0.0208872439762,-0.0179834359225,-4.77199364332,-4.77227831105,0.00105581979836,-0.000284667723075
44100,1635,-0.0260588289391,-0.0247203927774,-0.0213583686079,-5.20229296493,-5.20266086453,0.00133843616171,-0.000367899598544
44100,1783,-0.0309734322706,-0.0292758452367,-0.0253890832634,-5.67344900425,-5.67392572177,0.00169758703395,-0.000476717525809
44100,1943,-0.0367585741099,-0.0346924516107,-0.0301347983419,-6.18213227825,-6.182748433,0.00206612249918,-0.000616154742374
44100,2119,-0.0436865313273,-0.0413199742245,-0.0358194627296,-6.74086569509,-6.74166348574,0.00236655710284,-0.000797790645868
44100,2310,-0.051870801347,-0.0493255441531,-0.0425370414361,-7.34622108103,-7.34725302545,0.00254525719389,-0.00103194442758
44100,2518,-0.0615676206379,-0.0589062262853,-0.0504989946449,-8.00422532164,-8.00555913094,0.00266139435255,-0.00133380930205
44100,2745,-0.0730771909912,-0.070185293894,-0.0599534386955,-8.72079339042,-8.72251759615,0.00289189709723,-0.00172420573647
44100,2992,-0.0866915885815,-0.0832978668848,-0.071142558851,-9.49855525386,-9.50078200177,0.00339372169672,-0.00222674791393
44100,3262,-0.102862542661,-0.0987950440201,-0.084440796164,-10.3462738363,-10.3491505675,0.00406749864062,-0.00287673125694
44100,3557,-0.122053285079,-0.11752168257,-0.100233593413,-11.2693337197,-11.27305021,0.00453160250822,-0.0037164903073
44100,3877,-0.144645290728,-0.140022958538,-0.118840992684,-12.2666303439,-12.2714225532,0.00462233219049,-0.00479220931863
44100,4227,-0.17143855728,-0.166621961677,-0.140930419668,-13.352324472,-13.3585043333,0.00481659560329,-0.00617986130519
44100,4608,-0.203035334862,-0.197641549595,-0.1670102573,-14.52768429,-14.535643515,0.00539378526653,-0.0079592250227
44100,5024,-0.240367194814,-0.234848325455,-0.197865731236,-15.8027297602,-15.8129742953,0.00551886935928,-0.0102445351181
44100,5477,-0.28429899217,-0.279270529589,-0.234234005919,-17.1806542023,-17.1938203461,0.00502846258088,-0.013166143805
44100,5971,-0.335989944771,-0.330995608835,-0.277105099805,-18.6699393816,-18.6868382201,0.00499433593541,-0.016898838529
44100,6509,-0.396619136731,-0.392363247531,-0.327498002322,-20.2750112199,-20.2966605517,0.00425588919961,-0.0216493317816
44100,7096,-0.467714684123,-0.464683829624,-0.386738202953,-22.0050068377,-22.0326964814,0.00303085449902,-0.0276896437009
44100,7736,-0.550825673104,-0.548812247859,-0.456190540013,-23.8645140786,-23.8998547258,0.00201342524549,-0.0353406472247
44100,8434,-0.647746316198,-0.647689902874,-0.537452112798,-25.8592071144,-25.9042076584,5.64133242309e-05,-0.0450005439983
44100,9195,-0.76037946172,-0.761723561352,-0.632245929692,-27.9925709354,-28.0497151643,-0.00134409963242,-0.0571442289376
44100,10024,-0.890695777827,-0.893704997108,-0.742394116898,-30.2656498332,-30.3379793878,-0.00300921928145,-0.0723295546144
44100,10928,-1.04102104663,-1.04559860757,-0.870070106219,-32.6821208651,-32.7733664643,-0.00457756093824,-0.0912455992439
44100,11913,-1.213518241,-1.21881107106,-1.01736971776,-35.2397051124,-35.3543725869,-0.00529283006304,-0.114667474522
44100,12988,-1.41081052772,-1.41719824762,-1.18685063068,-37.9403272618,-38.0838851819,-0.00638771989474,-0.143557920069
44100,14159,-1.63483190756,-1.64356872772,-1.38055356146,-40.7745245459,-40.953449929,-0.00873682016331,-0.178925383099
44100,15436,-1.88801984712,-1.90136263838,-1.60102773649,-43.7389285881,-43.9609511838,-0.0133427912629,-0.222022595647
44100,16828,-2.1722998678,-2.19347817917,-1.85045281147,-46.8237667065,-47.097992824,-0.0211783113739,-0.274226117534
44100,18346,-2.48957747681,-2.5219243309,-2.13105534957,-50.0200492393,-50.3572083048,-0.0323468540884,-0.33715906544
44100,20000,-2.84103815058,-2.88622451479,-2.44447367674,-53.3133703014,-53.725982685,-0.0451863642066,-0.41261238364
48000,20,-0.0011777671796,-0.00117327976271,-3.20324004205e-06,0.878068941846,0.877952650091,4.48741688519e-06,-0.000116291754559
48000,22,-0.000974883851325,-0.000976531401106,-3.87592017008e-06,0.786062233662,0.786147654843,-1.64754978037e-06,8.54211807916e-05
48000,24,-0.000820842847953,-0.000817091917715,-4.61266496138e-06,0.708322340767,0.708258146668,3.75093023809e-06,-6.41940987031e-05
48000,26,-0.000701236551657,-0.000701513915638,-5.41347438598e-06,0.641557722748,0.641606817123,-2.77363981287e-07,4.90943748522e-05
48000,28,-0.000606610336186,-0.000603052742534,-6.27834840662e-06,0.583417023573,0.583378871944,3.55759365186e-06,-3.81516292766e-05
48000,31,-0.000498031027535,-0.000491620447323,-7.69578048483e-06,0.508725196057,0.508733557148,6.41058021146e-06,8.3610910146e-06
48000,34,-0.000417515397333,-0.000415674677906,-9.25735769746e-06,0.445522105087,0.445541165368,1.84071942518e-06,1.9060281201e-05
48000,37,-0.000356397948508,-0.000355130562694,-1.09630799034e-05,0.391013532897,0.391008258839,1.2673858129e-06,-5.27405885775e-06
48000,40,-0.000309134981968,-0.000304566645202,-1.28129469357e-05,0.343243414297,0.343233250804,4.56833676615e-06,-1.01634925815e-05
48000,44,-0.000261484037288,-0.000256256461772,-1.55036613091e-05,0.287649885375,0.287643105337,5.22757551476e-06,-6.78003844552e-06
48000,47,-0.000234176846031,-0.000227996741707,-1.76898655923e-05,0.250737260034,0.250739707244,6.18010432228e-06,2.44721022772e-06
48000,52,-0.000200100737932,-0.000193213761644,-2.16538597504e-05,0.196223706961,0.196220720653,6.88697628851e-06,-2.98630790434e-06
48000,56,-0.000180400622365,-0.000172533400246,-2.51133427985e-05,0.157568233955,0.157566316568,7.86722211941e-06,-1.91738704284e-06
48000,61,-0.000162577504002,-0.000153603866438,-2.97980553302e-05,0.114021549296,0.114020844098,8.97363756572e-06,-7.05198050383e-07
48000,67,-0.000148494059051,-0.000137456764035,-3.59482348752e-05,0.0671983475815,0.067198520956,1.10372950161e-05,1.73374513826e-07
48000,73,-0.000140215988692,-0.000127160299787,-4.26749844446e-05,0.0249217164077,0.0249217635342,1.30556889047e-05,4.71264966885e-08
48000,80,-0.000135939053263,-0.000120361012181,-5.12515760396e-05,-0.020019373201,-0.020019053164,1.55780410808e-05,3.20036966159e-07
48000,87,-0.000136034180451,-0.000117646184044,-6.06129357504e-05,-0.0613264869143,-0.0613271678026,1.83879964079e-05,-6.80888251119e-07
48000,95,-0.000140257965786,-0.000118364082746,-7.22725670125e-05,-0.105115285591,-0.105116155079,2.18938830402e-05,-8.69487629575e-07
48000,103,-0.000147973309879,-0.000122269279336,-8.49571876205e-05,-0.146071207177,-0.146072216438,2.57040305432e-05,-1.00926114925e-06
48000,112,-0.000160060611323,-0.000129788376432,-0.000100452557919,-0.189516251377,-0.189515898956,3.02722348892e-05,3.52420544825e-07
48000,123,-0.000178933376205,-0.00014241941573,-0.000121153010845,-0.239694465002,-0.239695690245,3.6513960475e-05,-1.2252433723e-06
48000,134,-0.000201681213075,-0.000158260197733,-0.000143791273081,-0.287402608259,-0.287403115855,4.34210153413e-05,-5.07596846683e-07
48000,146,-0.000230403559436,-0.000179097701849,-0.000170697589366,-0.337286718607,-0.337287150413,5.13058575872e-05,-4.31806394766e-07
48000,159,-0.000265706858284,-0.000205342674344,-0.000202448444008,-0.389359121385,-0.389360508541,6.03641839413e-05,-1.38715608992e-06
48000,173,-0.000308256617656,-0.000237214249159,-0.000239668337722,-0.443663410237,-0.443662872839,7.10423684986e-05,5.37397129549e-07
48000,189,-0.000362329041697,-0.000278151435858,-0.000286048649188,-0.503985440393,-0.50398510509,8.41776058397e-05,3.35303067087e-07
48000,206,-0.000425886775854,-0.000326533414093,-0.000339819443319,-0.566507757834,-0.566508085705,9.93533617604e-05,-3.27871217419e-07
48000,224,-0.000499835790023,-0.000383705696491,-0.000401797219924,-0.631346092693,-0.631347470753,0.000116130093532,-1.37805957329e-06
48000,245,-0.000594569187621,-0.000457268550244,-0.000480661545902,-0.705624841937,-0.70562547608,0.000137300637377,-6.34143287446e-07
48000,267,-0.000703430555123,-0.00054239523769,-0.000570854624342,-0.782222951622,-0.782224776805,0.000161035317435,-1.82518334034e-06
48000,291,-0.000833282555152,-0.000645109962522,-0.000678084745214,-0.864690104161,-0.864692170312,0.00018817259263,-2.06615053465e-06
48000,317,-0.000986913203064,-0.000768087397247,-0.000804656665962,-0.953032856293,-0.953035239101,0.000218825805818,-2.38280818075e-06
48000,346,-0.00117407506787,-0.000919346097974,-0.000958599287549,-1.05062450334,-1.05062704956,0.000254728969894,-2.54621790825e-06
48000,377,-0.00139249714023,-0.00109829519677,-0.00113804446197,-1.15409533264,-1.15409958545,0.000294201943457,-4.25281758712e-06
48000,411,-0.0016537957358,-0.00131528529885,-0.00135254013827,-1.26679790099,-1.26680264316,0.000338510436958,-4.74216869001e-06
48000,448,-0.00196393298595,-0.00157706408229,-0.00160698073811,-1.38872544385,-1.38873217687,0.000386868903663,-6.73301733617e-06
48000,488,-0.00232939489976,-0.00189093363204,-0.0019066909227,-1.51988506422,-1.51989351654,0.000438461267723,-8.45232867932e-06
48000,532,-0.00276757062481,-0.00227435143262,-0.0022659334613,-1.6635513088,-1.66356207258,0.000493219192188,-1.07637716055e-05
48000,580,-0.00328874940947,-0.00273958247747,-0.00269314623552,-1.81971174544,-1.81972559511,0.000549166932006,-1.38496761152e-05
48000,632,-0.00390414867357,-0.00330038631342,-0.00319752952868,-1.98836540931,-1.98838333028,0.000603762360155,-1.79209682192e-05
48000,689,-0.00463935674763,-0.00398445861367,-0.00380006240007,-2.17274917851,-2.17277262061,0.000654898133958,-2.34421056595e-05
48000,752,-0.00552568175834,-0.00482642821826,-0.00452641180658,-2.37607613593,-2.37610659968,0.000699253540087,-3.0463746459e-05
48000,819,-0.00655315840879,-0.00582109651768,-0.00536842491434,-2.59188753565,-2.59192722388,0.000732061891101,-3.96882261138e-05
48000,893,-0.00778957758789,-0.00703787877097,-0.00638167527156,-2.82983871776,-2.82988962456,0.000751698816927,-5.09068013717e-05
48000,974,-0.00926509105847,-0.00850839754418,-0.00759089968883,-3.08990086491,-3.08996679925,0.000756693514283,-6.59343367139e-05
48000,1062,-0.0110126443843,-0.0102632217195,-0.00902313623885,-3.37204915056,-3.37213467277,0.000749422664754,-8.55222116853e-05
48000,1158,-0.0130905201726,-0.0123523582702,-0.0107262050951,-3.67945940099,-3.67957034111,0.000738161902386,-0.000110940113499
48000,1262,-0.0155431643993,-0.0148046515103,-0.0127366094771,-4.01209354022,-4.0122370503,0.000738512888968,-0.000143510083743
48000,1376,-0.0184721327703,-0.0176983153712,-0.0151376998718,-4.37629525947,-4.37648077365,0.000773817399151,-0.000185514176322
48000,1500,-0.0219430637745,-0.0210706929624,-0.0179834359225,-4.77199364332,-4.77223388356,0.000872370812096,-0.000240240234327
48000,1635,-0.0260588289391,-0.0249995532183,-0.0213583686079,-5.20229296493,-5.20260358004,0.00105927572078,-0.000310615108553
48000,1783,-0.0309734322706,-0.02962839689,-0.0253890832634,-5.67344900425,-5.67385126667,0.00134503538062,-0.000402262422198
48000,1943,-0.0367585741099,-0.0350567158567,-0.0301347983419,-6.18213227825,-6.18265229817,0.00170185825317,-0.000520019912213
48000,2119,-0.0436865313273,-0.0416138281222,-0.0358194627296,-6.74086569509,-6.74153924241,0.00207270320513,-0.000673547316438
48000,2310,-0.051870801347,-0.0495018366736,-0.0425370414361,-7.34622108103,-7.34709198105,0.0023689646734,-0.000870900022474
48000,2518,-0.0615676206379,-0.059022878939,-0.0504989946449,-8.00422532164,-8.00535124529,0.00254474169887,-0.00112592364911
48000,2745,-0.0730771909912,-0.0704170283222,-0.0599534386955,-8.72079339042,-8.7222486136,0.00266016266905,-0.00145522317932
48000,2992,-0.0866915885815,-0.0837990706844,-0.071142558851,-9.49855525386,-9.50043487069,0.00289251789713,-0.00187961683212
48000,3262,-0.102862542661,-0.0994639627481,-0.084440796164,-10.3462738363,-10.3487020898,0.00339857991256,-0.00242825358146
48000,3557,-0.122053285079,-0.1179826533,-0.100233593413,-11.2693337197,-11.2724706698,0.00407063177888,-0.00313695012562
48000,3877,-0.144645290728,-0.140124202844,-0.118840992684,-12.2666303439,-12.2706751278,0.0045210878845,-0.00404478386888
48000,4227,-0.17143855728,-0.166835943263,-0.140930419668,-13.352324472,-13.3575404014,0.0046026140169,-0.00521592940527
48000,4608,-0.203035334862,-0.198239070648,-0.1670102573,-14.52768429,-14.5344020304,0.00479626421434,-0.00671774039038
48000,5024,-0.240367194814,-0.235002319265,-0.197865731236,-15.8027297602,-15.8113761072,0.00536487554857,-0.00864634700973
48000,5477,-0.28429899217,-0.278841398391,-0.234234005919,-17.1806542023,-17.1917662409,0.00545759377907,-0.0111120386094
48000,5971,-0.335989944771,-0.331043285354,-0.277105099805,-18.6699393816,-18.6842013511,0.00494665941687,-0.01426196948
48000,6509,-0.396619136731,-0.39172970918,-0.327498002322,-20.2750112199,-20.2932818259,0.00488942755129,-0.0182706059576
48000,7096,-0.467714684123,-0.463628946121,-0.386738202953,-22.0050068377,-22.0283742663,0.00408573800196,-0.0233674285698
48000,7736,-0.550825673104,-0.548003241721,-0.456190540013,-23.8645140786,-23.8943370256,0.00282243138314,-0.0298229470023
48000,8434,-0.647746316198,-0.646036332714,-0.537452112798,-25.8592071144,-25.8971799948,0.00170998348414,-0.037972880335
48000,9195,-0.76037946172,-0.760704446541,-0.632245929692,-27.9925709354,-28.0407884563,-0.000324984821089,-0.0482175209345
48000,10024,-0.890695777827,-0.892566913499,-0.742394116898,-30.2656498332,-30.3266766782,-0.00187113567268,-0.0610268449489
48000,10928,-1.04102104663,-1.04468266531,-0.870070106219,-32.6821208651,-32.7591021532,-0.00366161867473,-0.07698128818
48000,11913,-1.213518241,-1.21897065903,-1.01736971776,-35.2397051124,-35.3364388702,-0.00545241803033,-0.0967337578217
48000,12988,-1.41081052772,-1.41724914465,-1.18685063068,-37.9403272618,-38.0614215961,-0.00643861692812,-0.121094334313
48000,14159,-1.63483190756,-1.64267493024,-1.38055356146,-40.7745245459,-40.9254357812,-0.0078430226794,-0.150911235342
48000,15436,-1.88801984712,-1.89862748377,-1.60102773649,-43.7389285881,-43.9261660966,-0.0106076366538,-0.187237508519
48000,16828,-2.1722998678,-2.18804883309,-1.85045281147,-46.8237667065,-47.0549959052,-0.0157489652898,-0.23122919879
48000,18346,-2.48957747681,-2.51381475141,-2.13105534957,-50.0200492393,-50.3042975504,-0.024237274603,-0.284248311018
48000,20000,-2.84103815058,-2.87721680776,-2.44447367674,-53.3133703014,-53.6611657009,-0.0361786571742,-0.347795399505
96000,20,-0.0011777671796,-0.00117567745309,-3.20324004205e-06,0.878068941846,0.877946052556,2.08972650676e-06,-0.000122889289338
96000,22,-0.000974883851325,-0.000976095771096,-3.87592017008e-06,0.786062233662,0.78615366478,-1.2119197728e-06,9.14311181419e-05
96000,24,-0.000820842847953,-0.000819232257823,-4.61266496138e-06,0.708322340767,0.708252664161,1.6105901309e-06,-6.96766063262e-05
96000,26,-0.000701236551657,-0.00070187903713,-5.41347438598e-06,0.641557722748,0.641611876844,-6.42485474166e-07,5.41540957999e-05
96000,28,-0.000606610336186,-0.000605225979207,-6.27834840662e-06,0.583417023573,0.583374214342,1.38435697709e-06,-4.28092312535e-05
96000,31,-0.000498031027535,-0.000492759280305,-7.69578048483e-06,0.508725196057,0.508729949469,5.27174723092e-06,4.75341204701e-06
96000,34,-0.000417515397333,-0.000417390221159,-9.25735769746e-06,0.445522105087,0.445544945332,1.25176172965e-07,2.28402451826e-05
96000,37,-0.000356397948508,-0.00035817159096,-1.09630799034e-05,0.391013532897,0.391010343803,-1.77364245275e-06,-3.18909438697e-06
96000,40,-0.000309134981968,-0.00030774882984,-1.28129469357e-05,0.343243414297,0.343230152313,1.38615212831e-06,-1.3261983961e-05
96000,44,-0.000261484037288,-0.000259974613294,-1.55036613091e-05,0.287649885375,0.287640354895,1.50942399333e-06,-9.53048065472e-06
96000,47,-0.000234176846031,-0.000231676967965,-1.76898655923e-05,0.250737260034,0.250739029675,2.49987806585e-06,1.76964104875e-06
96000,52,-0.000200100737932,-0.000198231833253,-2.16538597504e-05,0.196223706961,0.196218524566,1.8689046782e-06,-5.1823950166e-06
96000,56,-0.000180400622365,-0.00017830531347,-2.51133427985e-05,0.157568233955,0.157564346604,2.0953088949e-06,-3.88735119253e-06
96000,61,-0.000162577504002,-0.000160702822773,-2.97980553302e-05,0.114021549296,0.114020692871,1.87468123185e-06,-8.56425132507e-07
96000,67,-0.000148494059051,-0.000145462956211,-3.59482348752e-05,0.0671983475815,0.0671989493901,3.03110283904e-06,6.01808607216e-07
96000,73,-0.000140215988692,-0.000137117065758,-4.26749844446e-05,0.0249217164077,0.0249212641026,3.098922934e-06,-4.52305111613e-07
96000,80,-0.000135939053263,-0.000131964372007,-5.12515760396e-05,-0.020019373201,-0.0200200644453,3.97468125664e-06,-6.91244344322e-07
96000,87,-0.000136034180451,-0.000131332287472,-6.06129357504e-05,-0.0613264869143,-0.0613263473633,4.70189298051e-06,1.39550992984e-07
96000,95,-0.000140257965786,-0.000134700904736,-7.22725670125e-05,-0.105115285591,-0.105115255647,5.55706105067e-06,2.99448511436e-08
96000,103,-0.000147973309879,-0.000141470450091,-8.49571876205e-05,-0.146071207177,-0.146071263028,6.50285978763e-06,-5.58506698219e-08
96000,112,-0.000160060611323,-0.000152382450237,-0.000100452557919,-0.189516251377,-0.189516133293,7.6781610845e-06,1.18084165111e-07
96000,123,-0.000178933376205,-0.000169697608203,-0.000121153010845,-0.239694465002,-0.239694670492,9.23576800186e-06,-2.05489467337e-07
96000,134,-0.000201681213075,-0.000190656452351,-0.000143791273081,-0.287402608259,-0.287402930941,1.10247607229e-05,-3.22682525149e-07
96000,146,-0.000230403559436,-0.000217329244581,-0.000170697589366,-0.337286718607,-0.337287068166,1.30743148559e-05,-3.49559592242e-07
96000,159,-0.000265706858284,-0.00025030484357,-0.000202448444008,-0.389359121385,-0.389359483808,1.54020147138e-05,-3.62422589535e-07
96000,173,-0.000308256617656,-0.000289960201609,-0.000239668337722,-0.443663410237,-0.443663224374,1.82964160477e-05,1.85862405184e-07
96000,189,-0.000362329041697,-0.000340541771638,-0.000286048649188,-0.503985440393,-0.503985267822,2.17872700582e-05,1.72570842924e-07
96000,206,-0.000425886775854,-0.000400049492467,-0.000339819443319,-0.566507757834,-0.566508135123,2.58372833858e-05,-3.77288725536e-07
96000,224,-0.000499835790023,-0.00046946505024,-0.000401797219924,-0.631346092693,-0.631346152118,3.03707397821e-05,-5.94244727236e-08
96000,245,-0.000594569187621,-0.000558267954168,-0.000480661545902,-0.705624841937,-0.705624804196,3.63012334527e-05,3.774030614e-08
96000,267,-0.000703430555123,-0.000660499461637,-0.000570854624342,-0.782222951622,-0.782223637718,4.29310934849e-05,-6.86096070842e-07
96000,291,-0.000833282555152,-0.000782485612411,-0.000678084745214,-0.864690104161,-0.864690881063,5.07969427406e-05,-7.76901953582e-07
96000,317,-0.000986913203064,-0.000926915223346,-0.000804656665962,-0.953032856293,-0.953033166212,5.99979797191e-05,-3.09919767833e-07
96000,346,-0.00117407506787,-0.00110297436098,-0.000958599287549,-1.05062450334,-1.05062524084,7.1100706886e-05,-7.37495143626e-07
96000,377,-0.00139249714023,-0.00130871836423,-0.00113804446197,-1.15409533264,-1.15409608455,8.37787760022e-05,-7.51910401537e-07
96000,411,-0.0016537957358,-0.00155500533308,-0.00135254013827,-1.26679790099,-1.26679939113,9.87904027209e-05,-1.49013934625e-06
96000,448,-0.00196393298595,-0.00184773139873,-0.00160698073811,-1.38872544385,-1.38872722173,0.000116201587224,-1.77787855444e-06
96000,488,-0.00232939489976,-0.00219307130777,-0.0019066909227,-1.51988506422,-1.51988733421,0.000136323591985,-2.26999306783e-06
96000,532,-0.00276757062481,-0.00260774903685,-0.0022659334613,-1.6635513088,-1.66355420719,0.000159821587961,-2.89838327509e-06
96000,580,-0.00328874940947,-0.00310184761929,-0.00269314623552,-1.81971174544,-1.81971544494,0.000186901790187,-3.69950331269e-06
96000,632,-0.00390414867357,-0.00368645412859,-0.00319752952868,-1.98836540931,-1.98837012774,0.000217694544984,-4.71843544915e-06
96000,689,-0.00463935674763,-0.0043865302722,-0.00380006240007,-2.17274917851,-2.17275510994,0.000252826475434,-5.93143318003e-06
96000,752,-0.00552568175834,-0.0052327168639,-0.00452641180658,-2.37607613593,-2.37608389626,0.000292964894447,-7.76033118707e-06
96000,819,-0.00655315840879,-0.00621667906238,-0.00536842491434,-2.59188753565,-2.59189730036,0.000336479346407,-9.76470781593e-06
96000,893,-0.00778957758789,-0.00740478451472,-0.00638167527156,-2.82983871776,-2.82985158794,0.000384793073171,-1.28701800216e-05
96000,974,-0.00926509105847,-0.0088280547389,-0.00759089968883,-3.08990086491,-3.08991740991,0.00043703631957,-1.65449975866e-05
96000,1062,-0.0110126443843,-0.0105208046744,-0.00902313623885,-3.37204915056,-3.37207060503,0.000491839709888,-2.14544733295e-05
96000,1158,-0.0130905201726,-0.0125426531963,-0.0107262050951,-3.67945940099,-3.67948719338,0.000547866976287,-2.77923810913e-05
96000,1262,-0.0155431643993,-0.0149405961604,-0.0127366094771,-4.01209354022,-4.01212945702,0.000602568238866,-3.59168060178e-05
96000,1376,-0.0184721327703,-0.0178183817433,-0.0151376998718,-4.37629525947,-4.37634159314,0.000653751027025,-4.63336688605e-05
96000,1500,-0.0219430637745,-0.0212454027326,-0.0179834359225,-4.77199364332,-4.77205365159,0.000697661041931,-6.00082626359e-05
96000,1635,-0.0260588289391,-0.025327924669,-0.0213583686079,-5.20229296493,-5.20237068555,0.000730904270125,-7.7720624147e-05
96000,1783,-0.0309734322706,-0.0302227603801,-0.0253890832634,-5.67344900425,-5.67354962554,0.000750671890499,-0.000100621297484
96000,1943,-0.0367585741099,-0.0360029695895,-0.0301347983419,-6.18213227825,-6.18226226024,0.000755604520417,-0.000129981987033
96000,2119,-0.0436865313273,-0.0429384068535,-0.0358194627296,-6.74086569509,-6.74103400418,0.000748124473867,-0.000168309091395
96000,2310,-0.051870801347,-0.0511346506093,-0.0425370414361,-7.34622108103,-7.34643882015,0.000736150737628,-0.000217739124321
96000,2518,-0.0615676206379,-0.0608326903241,-0.0504989946449,-8.00422532164,-8.00450679143,0.000734930313739,-0.000281469785348
96000,2745,-0.0730771909912,-0.0723097096174,-0.0599534386955,-8.72079339042,-8.72115713186,0.000767481373831,-0.000363741438692
96000,2992,-0.0866915885815,-0.0858298802254,-0.071142558851,-9.49855525386,-9.49902508999,0.000861708356124,-0.000469836128156
96000,3262,-0.102862542661,-0.101818964523,-0.084440796164,-10.3462738363,-10.3468807342,0.00104357813819,-0.000606897930826
96000,3557,-0.122053285079,-0.120730509081,-0.100233593413,-11.2693337197,-11.2701177936,0.00132277599777,-0.000784073885562
96000,3877,-0.144645290728,-0.142971307804,-0.118840992684,-12.2666303439,-12.2676412495,0.00167398292461,-0.00101090561287
96000,4227,-0.17143855728,-0.169401236793,-0.140930419668,-13.352324472,-13.3536280398,0.00203732048761,-0.00130356783998
96000,4608,-0.203035334862,-0.200708466227,-0.1670102573,-14.52768429,-14.5293630663,0.00232686863484,-0.00167877632637
96000,5024,-0.240367194814,-0.237874724742,-0.197865731236,-15.8027297602,-15.8048902975,0.002492470072,-0.00216053733087
96000,5477,-0.28429899217,-0.281710726653,-0.234234005919,-17.1806542023,-17.1834306134,0.00258826551757,-0.00277641112914
96000,5971,-0.335989944771,-0.333201249593,-0.277105099805,-18.6699393816,-18.6735024501,0.00278869517784,-0.00356306848995
96000,6509,-0.396619136731,-0.393369288116,-0.327498002322,-20.2750112199,-20.2795752389,0.00324984861492,-0.00456401892795
96000,7096,-0.467714684123,-0.463845230404,-0.386738202953,-22.0050068377,-22.0108432394,0.00386945371921,-0.00583640167303
96000,7736,-0.550825673104,-0.546563316728,-0.456190540013,-23.8645140786,-23.8719615849,0.00426235637588,-0.00744750632899
96000,8434,-0.647746316198,-0.643491222198,-0.537452112798,-25.8592071144,-25.868688038,0.0042550940008,-0.00948092358113
96000,9195,-0.76037946172,-0.756069769418,-0.632245929692,-27.9925709354,-28.0046070584,0.00430969230132,-0.0120361230056
96000,10024,-0.890695777827,-0.88599304864,-0.742394116898,-30.2656498332,-30.280879539,0.00470272918676,-0.0152297057683
96000,10928,-1.04102104663,-1.03643088909,-0.870070106219,-32.6821208651,-32.701326526,0.00459015754163,-0.019205660947
96000,11913,-1.213518241,-1.20974341039,-1.01736971776,-35.2397051124,-35.263830587,0.00377483060274,-0.0241254746484
96000,12988,-1.41081052772,-1.40750031091,-1.18685063068,-37.9403272618,-37.9705166893,0.00331021681116,-0.0301894275174
96000,14159,-1.63483190756,-1.63280400835,-1.38055356146,-40.7745245459,-40.8121309909,0.0020278992078,-0.0376064450254
96000,15436,-1.88801984712,-1.88793873696,-1.60102773649,-43.7389285881,-43.7855640076,8.11101572509e-05,-0.046635419506
96000,16828,-2.1722998678,-2.1741357156,-1.85045281147,-46.8237667065,-46.8813261674,-0.00183584780796,-0.0575594609875
96000,18346,-2.48957747681,-2.49452076393,-2.13105534957,-50.0200492393,-50.0907601051,-0.00494328711936,-0.0707108657878
96000,20000,-2.84103815058,-2.84878857459,-2.44447367674,-53.3133703014,-53.3998238495,-0.00775042400858,-0.0864535481438
192000,20,-0.0011777671796,-0.00117675371962,-3.20324004205e-06,0.878068941846,0.877943151138,1.01345997864e-06,-0.000125790707888
192000,22,-0.000974883851325,-0.000975592645364,-3.87592017008e-06,0.786062233662,0.786156317776,-7.0879403902e-07,9.40841137093e-05
192000,24,-0.000820842847953,-0.000820099141789,-4.61266496138e-06,0.708322340767,0.708250228844,7.43706162954e-07,-7.21119234158e-05
192000,26,-0.000701236551657,-0.00070168776848,-5.41347438598e-06,0.641557722748,0.64161413284,-4.51216823738e-07,5.6410091456e-05
192000,28,-0.000606610336186,-0.000606013624135,-6.27834840662e-06,0.583417023573,0.583372122292,5.96712050996e-07,-4.49012811768e-05
192000,31,-0.000498031027535,-0.000492916027194,-7.69578048483e-06,0.508725196057,0.508727733102,5.1150003405e-06,2.5370446456e-06
192000,34,-0.000417515397333,-0.000417654040118,-9.25735769746e-06,0.445522105087,0.445546671271,-1.38642785285e-07,2.45661843714e-05
192000,37,-0.000356397948508,-0.00035904281141,-1.09630799034e-05,0.391013532897,0.39101178873,-2.64486290259e-06,-1.74416791822e-06
192000,40,-0.000309134981968,-0.000308665532455,-1.28129469357e-05,0.343243414297,0.343228699237,4.6944951232e-07,-1.47150603709e-05
192000,44,-0.000261484037288,-0.000261005048346,-1.55036613091e-05,0.287649885375,0.287639041254,4.78988943826e-07,-1.08441211438e-05
192000,47,-0.000234176846031,-0.000232509718641,-1.76898655923e-05,0.250737260034,0.250738289178,1.66712738982e-06,1.02914450558e-06
192000,52,-0.000200100737932,-0.00019956060825,-2.16538597504e-05,0.196223706961,0.196217429001,5.40129681579e-07,-6.27796055653e-06
192000,56,-0.000180400622365,-0.000179813832738,-2.51133427985e-05,0.157568233955,0.157563338205,5.86789627349e-07,-4.89575001272e-06
192000,61,-0.000162577504002,-0.000162558163166,-2.97980553302e-05,0.114021549296,0.114020987291,1.93408370886e-08,-5.62005308363e-07
192000,67,-0.000148494059051,-0.000147406517033,-3.59482348752e-05,0.0671983475815,0.0671987860551,1.08754201648e-06,4.38473559288e-07
192000,73,-0.000140215988692,-0.000139685790136,-4.26749844446e-05,0.0249217164077,0.0249213610953,5.30198555777e-07,-3.55312340844e-07
192000,80,-0.000135939053263,-0.00013491345553,-5.12515760396e-05,-0.020019373201,-0.02002071925,1.02559773174e-06,-1.34604905518e-06
192000,87,-0.000136034180451,-0.000134725877825,-6.06129357504e-05,-0.0613264869143,-0.0613262825984,1.30830262626e-06,2.04315898226e-07
192000,95,-0.000140257965786,-0.0001387726102,-7.22725670125e-05,-0.105115285591,-0.105115136835,1.48535558739e-06,1.48756796257e-07
192000,103,-0.000147973309879,-0.000146276773249,-8.49571876205e-05,-0.146071207177,-0.146071101893,1.69653663124e-06,1.05284360343e-07
192000,112,-0.000160060611323,-0.000158120449954,-0.000100452557919,-0.189516251377,-0.189516524997,1.94016136876e-06,-2.7362071788e-07
192000,123,-0.000178933376205,-0.000176587979042,-0.000121153010845,-0.239694465002,-0.239694435282,2.3453971632e-06,2.97198143179e-08
192000,134,-0.000201681213075,-0.000198923843889,-0.000143791273081,-0.287402608259,-0.287402579494,2.75736918632e-06,2.87646487761e-08
192000,146,-0.000230403559436,-0.000227127289101,-0.000170697589366,-0.337286718607,-0.337286755041,3.27627033328e-06,-3.64344176844e-08
192000,159,-0.000265706858284,-0.000261832852405,-0.000202448444008,-0.389359121385,-0.389359168956,3.87400587721e-06,-4.757095734e-08
192000,173,-0.000308256617656,-0.000303647683547,-0.000239668337722,-0.443663410237,-0.443663397213,4.60893410944e-06,1.30233884048e-08
192000,189,-0.000362329041697,-0.000356830559542,-0.000286048649188,-0.503985440393,-0.503985421658,5.49848215581e-06,1.87347109278e-08
192000,206,-0.000425886775854,-0.000419367254415,-0.000339819443319,-0.566507757834,-0.566507916068,6.51952143861e-06,-1.58234006891e-07
192000,224,-0.000499835790023,-0.000492154215846,-0.000401797219924,-0.631346092693,-0.631346032506,7.68157417583e-06,6.01870498447e-08
192000,245,-0.000594569187621,-0.00058535629096,-0.000480661545902,-0.705624841937,-0.705624834167,9.21289666082e-06,7.7692264294e-09
192000,267,-0.000703430555123,-0.00069253507418,-0.000570854624342,-0.782222951622,-0.782223128419,1.08954809434e-05,-1.76797277415e-07
192000,291,-0.000833282555152,-0.000820349238672,-0.000678084745214,-0.864690104161,-0.864690310555,1.293331648e-05,-2.06393850421e-07
192000,317,-0.000986913203064,-0.000971552204136,-0.000804656665962,-0.953032856293,-0.95303291469,1.53609989287e-05,-5.83970885346e-08
192000,346,-0.00117407506787,-0.00115580397779,-0.000958599287549,-1.05062450334,-1.05062477692,1.82710900806e-05,-2.73576869861e-07
192000,377,-0.00139249714023,-0.00137084876222,-0.00113804446197,-1.15409533264,-1.154095487,2.16483780119e-05,-1.54364961775e-07
192000,411,-0.0016537957358,-0.00162813999781,-0.00135254013827,-1.26679790099,-1.26679831468,2.56557379919e-05,-4.13689222443e-07
192000,448,-0.00196393298595,-0.00193352755785,-0.00160698073811,-1.38872544385,-1.38872581091,3.04054281032e-05,-3.67053949403e-07
192000,488,-0.00232939489976,-0.0022934174212,-0.0019066909227,-1.51988506422,-1.51988556115,3.5977478557e-05,-4.9693138724e-07
192000,532,-0.00276757062481,-0.00272495592249,-0.0022659334613,-1.6635513088,-1.66355197145,4.26147023256e-05,-6.6264978691e-07
192000,580,-0.00328874940947,-0.00323830054262,-0.00269314623552,-1.81971174544,-1.81971261886,5.04488668512e-05,-8.73420678195e-07
192000,632,-0.00390414867357,-0.00384453238866,-0.00319752952868,-1.98836540931,-1.98836654983,5.9616284911e-05,-1.14051862586e-06
192000,689,-0.00463935674763,-0.00456889553065,-0.00380006240007,-2.17274917851,-2.17275058176,7.04612169761e-05,-1.40325131074e-06
192000,752,-0.00552568175834,-0.0054423329153,-0.00452641180658,-2.37607613593,-2.37607806749,8.33488430462e-05,-1.93155657132e-06
192000,819,-0.00655315840879,-0.00645507154922,-0.00536842491434,-2.59188753565,-2.59189005498,9.80868595696e-05,-2.51932312662e-06
192000,893,-0.00778957758789,-0.00767409747824,-0.00638167527156,-2.82983871776,-2.82984186403,0.000115480109651,-3.14626842598e-06
192000,974,-0.00926509105847,-0.00912927810554,-0.00759089968883,-3.08990086491,-3.08990495988,0.000135812952924,-4.09496508049e-06
192000,1062,-0.0110126443843,-0.01085338004,-0.00902313623885,-3.37204915056,-3.37205446048,0.000159264344273,-5.30992658458e-06
192000,1158,-0.0130905201726,-0.0129042241736,-0.0107262050951,-3.67945940099,-3.67946628846,0.000186295998926,-6.88746403575e-06
192000,1262,-0.0155431643993,-0.0153261255407,-0.0127366094771,-4.01209354022,-4.01210245919,0.000217038858555,-8.91897007526e-06
192000,1376,-0.0184721327703,-0.0182199835343,-0.0151376998718,-4.37629525947,-4.37630689451,0.000252149236047,-1.163503372e-05
192000,1500,-0.0219430637745,-0.0216514980505,-0.0179834359225,-4.77199364332,-4.77200868088,0.000291565724015,-1.50375562288e-05
192000,1635,-0.0260588289391,-0.0257234828675,-0.0213583686079,-5.20229296493,-5.20231235459,0.000335346071559,-1.93896655369e-05
192000,1783,-0.0309734322706,-0.0305898148508,-0.0253890832634,-5.67344900425,-5.67347412322,0.00038361741984,-2.51189768298e-05
192000,1943,-0.0367585741099,-0.0363234035506,-0.0301347983419,-6.18213227825,-6.18216474926,0.00043517055934,-3.24710043118e-05
192000,2119,-0.0436865313273,-0.0431966057126,-0.0358194627296,-6.74086569509,-6.74090776155,0.000489925614739,-4.20664611096e-05
192000,2310,-0.051870801347,-0.0513251801889,-0.0425370414361,-7.34622108103,-7.34627552934,0.000545621158029,-5.44483139943e-05
192000,2518,-0.0615676206379,-0.0609673369798,-0.0504989946449,-8.00422532164,-8.00429569716,0.000600283658042,-7.03755217257e-05
192000,2745,-0.0730771909912,-0.0724259922935,-0.0599534386955,-8.72079339042,-8.72088432015,0.000651198697702,-9.09297276954e-05
192000,2992,-0.0866915885815,-0.0859967379199,-0.071142558851,-9.49855525386,-9.49867269604,0.000694850661655,-0.000117442181814
192000,3262,-0.102862542661,-0.102134657965,-0.084440796164,-10.3462738363,-10.3464255557,0.000727884695489,-0.000151719479202
192000,3557,-0.122053285079,-0.121306153664,-0.100233593413,-11.2693337197,-11.2695297111,0.000747131414734,-0.000195991453109
192000,3877,-0.144645290728,-0.143894088776,-0.118840992684,-12.2666303439,-12.2668830567,0.000751201952627,-0.000252712759886
192000,4227,-0.17143855728,-0.170696319645,-0.140930419668,-13.352324472,-13.3526503189,0.000742237635197,-0.000325846894431
192000,4608,-0.203035334862,-0.202307600552,-0.1670102573,-14.52768429,-14.5281039312,0.000727734309587,-0.000419641197097
192000,5024,-0.240367194814,-0.239644763826,-0.197865731236,-15.8027297602,-15.8032698228,0.00072243098757,-0.000540062590323
192000,5477,-0.28429899217,-0.28355013246,-0.234234005919,-17.1806542023,-17.1813482004,0.000748859709949,-0.000693998107384
192000,5971,-0.335989944771,-0.335155314297,-0.277105099805,-18.6699393816,-18.6708300069,0.000834630473822,-0.00089062528979
192000,6509,-0.396619136731,-0.395614618883,-0.327498002322,-20.2750112199,-20.2761520014,0.0010045178481,-0.00114078147758
192000,7096,-0.467714684123,-0.466446978336,-0.386738202953,-22.0050068377,-22.0064655864,0.00126770578671,-0.00145874869493
192000,7736,-0.550825673104,-0.5492246935,-0.456190540013,-23.8645140786,-23.866375435,0.00160097960411,-0.00186135641861
192000,8434,-0.647746316198,-0.645805049452,-0.537452112798,-25.8592071144,-25.8615765724,0.00194126674661,-0.00236945798676
192000,9195,-0.76037946172,-0.758177455068,-0.632245929692,-27.9925709354,-27.9955788129,0.0022020066516,-0.00300787750074
192000,10024,-0.890695777827,-0.888368196217,-0.742394116898,-30.2656498332,-30.2694555658,0.00232758161005,-0.00380573253841
192000,10928,-1.04102104663,-1.03865511911,-0.870070106219,-32.6821208651,-32.6869197996,0.00236592751892,-0.00479893454475
192000,11913,-1.213518241,-1.2110336368,-1.01736971776,-35.2397051124,-35.2457328687,0.00248460419277,-0.00602775634975
192000,12988,-1.41081052772,-1.40797118959,-1.18685063068,-37.9403272618,-37.9478693692,0.0028393381313,-0.00754210735468
192000,14159,-1.63483190756,-1.63150202144,-1.38055356146,-40.7745245459,-40.7839185943,0.00332988611677,-0.00939404842937
192000,15436,-1.88801984712,-1.88445166006,-1.60102773649,-43.7389285881,-43.7505766201,0.00356818705464,-0.0116480319385
192000,16828,-2.1722998678,-2.16894136287,-1.85045281147,-46.8237667065,-46.8381411747,0.00335850492909,-0.0143744682378
192000,18346,-2.48957747681,-2.48643656842,-2.13105534957,-50.0200492393,-50.0377051558,0.00314090838405,-0.0176559164214
192000,20000,-2.84103815058,-2.83782976304,-2.44447367674,-53.3133703014,-53.3349529709,0.00320838754111,-0.0215826695017
