case,velocity,centroid_20_16000_hz,sub_to_above_sub_db,above_200_to_below_200_db,rms_dbfs,midi_sha256,raw_render_sha256
cotton-wool,1,27.64018544983567,14.14227843284607,-23.827049732208252,-29.833908566398645,73516b50ee6a683985f29f11e60968b024904b5c4eef334603763cba77a7e764,880a9cf753df9e24a2b0c7563b08fbbd528d6b61a1c4175cbb5d697f6c7c3395
cotton-wool,2,27.743232577342884,14.046449661254883,-23.661503791809082,-29.828544149169417,aaaafd6140178611e7f3e3ece4466c693e9fec465f5db7b6b90fbf93839f88f1,f35b64a889857e1616f40ba17af079791cd06a545d9168c1f5f6965c5432b229
cotton-wool,3,27.849702954027514,13.950133323669434,-23.49588632583618,-29.8231923257893,c589ae3b5814a408f26519b4e0b66c1091364ba15710a92036f981645874b080,02d8c2b044eaa30611e392f42a13cdcef082d96338b204778b0a6a8052b4878d
cotton-wool,4,27.959658654645725,13.853389024734497,-23.330214023590088,-29.81785092072498,ead20372250ac93de60939c2877a30a134006e9a0d081565c23dee0572d8baee,d169c84a87591a3e5d356db9b438c98cae2e705f4f22df45d2ae2079546b3f97
cotton-wool,5,28.07314413817574,13.756273984909058,-23.164503574371338,-29.81251788728958,2a2df243d92dd469357c9b67cd2691b8b972b272931c24887e4e89dfd0e2f3d8,24f30a22fefd60db1eded6f8c042e1ed683812b25c279a1b32ac3fe3454f69b2
cotton-wool,6,28.190205050236035,13.65884780883789,-22.99877643585205,-29.807191360567987,1f2e9454d3b67d7573ef5d4ffe2ca11852fe84a7d7ee4a3e58030c44715838ba,a9a3f31f7d8f720827b350d1620c30613bf065fe4ea02fd39b85152c15362849
cotton-wool,7,28.310884235487304,13.561173677444458,-22.833058834075928,-29.801869605376538,77f6e10eb1e06b1a7109de2a7abe8f2fe38c551fb8657107008c61afccc5264e,39f50b889f66938a28c2341f67c3f09c61d25551613f394e1a17db6cf32d7854
cotton-wool,8,28.43521822043933,13.46331000328064,-22.667391300201416,-29.79655107122253,132e695adfed8f62e254e47dd2441f05869f61d7c7d5317134d7f97617353e20,1f1a4583780ab4fefc0a49c37628cd764c644ea95cb2ea984a5224e1f4a2876d
cotton-wool,9,28.563227280123236,13.365322351455688,-22.50180721282959,-29.791234353244928,6f0224de0cd782906557bece0fa1b7c27ff31f08cd44716613658ad5d752184d,7865af87f7988cd8b7779e1312a612ce008d7c91790474571e33baa537ab5c50
cotton-wool,10,28.694926736199307,13.267272710800171,-22.33635425567627,-29.78591822080659,9ad0612245093535b229a2322c27e3bdb061bcfbeb9e24d3a45f92f0d199ae60,a655164b03941e4856fee46ef010d6ae97cd1122a89a6e3ee72833293b11fd7a
cotton-wool,11,28.83033561917241,13.169227838516235,-22.171084880828857,-29.780601636102663,042eff33774c6b5878dfb6bea1a1eb8ba6147ca33486044eae90b9cbff16ae02,86de66205888d74844d4f0c8c070d83dcaf9416ee6146620d57495497a61026f
cotton-wool,12,28.969445868272487,13.071248531341553,-22.006049156188965,-29.77528372996488,4adb44c20749f9c24182837b803e027703b83124510be2d3fac335a37c763694,6cacc04011b9cfc1ac3779173de072da700e0831bd4202624bb73fbb4f5f43d7
cotton-wool,13,29.1122590726841,12.973402738571167,-21.84131622314453,-29.769963809113985,9dbbd21f62e00584d9b05db285dffa485d50fbfeac512e94c579b168fc7473cf,b36bd4798c55ee5006d4b56c6b468f1cdda0bdbb47425c9d1af114548872c9ab
cotton-wool,14,29.258761220951016,12.875754833221436,-21.67694330215454,-29.764641363631217,e9ff11ce9569b51e69f8db9a6714e2244f4706a27dd4d7eb9cf7c67f62bf8189,be53c18b0af8d0c6b296d07ad10649d162987bc5aac675f831df5add06720a49
cotton-wool,15,29.408921520618513,12.77836561203003,-21.512999534606934,-29.75931606796431,e2f8c60f39bc07a72b9a1ba6f15986c628b1952da79538408a83745739251816,3a94c603eac70fb685c37a33ca5a84d7d2c762c20fa92bbec31c6b3f1c16a34a
cotton-wool,16,29.562709127377524,12.681301832199097,-21.34956121444702,-29.753987783007844,e45a9e336cdbb5d539a214c913eee48ce5c2fa064a83a32bf63559208b2436eb,c235d5f799ee41e73d91c9525cb657a6f22d0d2e216608bb92522f1675b99ecd
cotton-wool,17,29.720093461612763,12.584625482559204,-21.186697483062744,-29.748656522722612,276cb210cd305ec75dca0bdeff48a18dc5e72e5b62d4ae825fca5b3c6d9b514d,bee2fd419cf4ea61b6a32ff744ed4385b197e444cd8e897060fa572d1e2efbe1
cotton-wool,18,29.881018960643598,12.488398551940918,-21.024484634399414,-29.74332249516555,fdd5af415e6cfd736deb5ce8b646f19e87b56619d6652052d4c5ccce52528549,0e9c4044034bee48e3982b9a36f2fc04556e488b9624eacfbe8ae5fbae9cff8c
cotton-wool,19,30.045427262680754,12.392680644989014,-20.863006114959717,-29.737986059023562,ed783510d4df582cebc55e3e9a4553bb6fd7d695db95b0a5ddc08ae941f34220,a187f36ec4275f7a4fffd4c58300fe5b794b078660f36c90b801dad75dc20165
cotton-wool,20,30.213264448489916,12.297530174255371,-20.702331066131592,-29.732647744281593,94c52a24aa5ebaf9161f3d550b3f33d0f4c69f1af33b746c591d667edd1360c5,995fa3dcf54bcce40abb9212ff0b2482c1dcf11ed785c32ce0b7efd32da106c5
cotton-wool,21,30.384450218197596,12.203006744384766,-20.542545318603516,-29.727308218256066,954897545dda5095e9e2e3c96bdad8f26f8c54458c2f17e121e8bd619401f2cb,fcfce22d9a82a0dbcd89f1d115371e993d5eaa87b35acc54e92971d7a7ceb556
cotton-wool,22,30.558915266735706,12.1091628074646,-20.38372039794922,-29.721968284686312,9e30b91aa352d1944f11d02d9b7552b8d67679cb4681bb1423a4233394e90319,015c540582cc592ffc4414037d01c8c2367a99dcf46499e8a77d739dc6d4d39e
cotton-wool,23,30.736571307894224,12.01604962348938,-20.225934982299805,-29.716628890301877,64fc7118f5a97857591c7274de449b907e0e22644fc3238cef1b35cac67f9ff0,9e3d38d6da1aca302a36db1204ed0f89a9fed0ca14c6f56307ad1bfc98a04ba4
cotton-wool,24,30.91733636952986,11.923718452453613,-20.069260597229004,-29.71129107564162,2363731aec51772883bd4c042ff057232c439c490628fb1ef8090fce8e5e1bbe,e67b0a92cf1b7c3814e4e5e671ef69ea71a4325ed4fc799640ff103bedd5526b
cotton-wool,25,31.10111915877466,11.83221697807312,-19.913771152496338,-29.70595600250404,49d570fb04f91d69c9c157081a2f5b7a6a0778791d0c487fe09daa5bceb5f917,f0edf73079293521428d1044f25b8572d4ec92a3b248fba0035fc6cb759a2cfa
cotton-wool,26,31.28781781094439,11.741588115692139,-19.759533405303955,-29.700624901755432,c29161969cdd4e6ade6cadf79622c4fa00f2a02536e67429395245e3cfeb3351,6db6c2a4da326ffa6fabd0dedc240a1878de891a847aa3127004399d87ce07ef
cotton-wool,27,31.477348284665748,11.651873588562012,-19.606605768203735,-29.695299077379502,6cb08aeaf8cf12addbb5b4237ab3cfd6230156532b209ca88f8e3343d2655584,ccb51a2021c035fa1bb1a7910a8579d9f862b59317b93860a64be9790d6736a2
cotton-wool,28,31.669593364356494,11.563107967376709,-19.455052614212036,-29.689979907310047,32863b2e65711a8142ba80afcf4182aca7affd5114214e0a7932ffb951923245,7e3f824f0e0adaca157a5fa80e80453402a790abc1c6de432f55a5f303fca13b
cotton-wool,29,31.864475903481264,11.475328207015991,-19.30492401123047,-29.6846687842384,1e2337ea5348cb7462b06465682b4e4421e7da14ffb8b88af82402c20950ea26,0fbf6578325247160e942ab7d46330b88547069f8edd20806951fc5f193ad71e
cotton-wool,30,32.0618884610924,11.388565301895142,-19.156267642974854,-29.679367148702514,7865b01e62a91676acc2b034f3e77b7ad8ec339bb25545ef4e09cb05f4c98061,3ef31a4bac8bef5285f2251db79bb65c1130a57e145a090d0c29221bdd9f6226
cotton-wool,31,32.26173068455769,11.30284309387207,-19.009125232696533,-29.674076424866666,70695b2881f475124cac42db1e5c965e2d752eeefad53377931385219c538385,72f1b7682065746fd0ea2ddc81a15ef3fe56570dcd5f28cac30de72fe48fb30e
cotton-wool,32,32.46392358470563,11.218187808990479,-18.863532543182373,-29.66879805160866,25acf4c9095ee50aa068366dd9c19b53c39459dfa20c25e74f0227a42daa688a,386f8f0285f5f4ee556a569cb41604c5b86a31ef7a2485feb31c8d243c6fd8ba
cotton-wool,33,32.66836255052894,11.134618520736694,-18.71951937675476,-29.663533437450926,9d2afabe83c340c83c1ea4d3ba56cfa99c72d62126d98f980e18ca98311f8098,7bd70babf6ae0ef0b08474b4f364a97a8b667f1ac39c06302705f96ec662f2b1
cotton-wool,34,32.874962393717105,11.052149534225464,-18.577109575271606,-29.658283949201767,442b3d8cba136653680e304509fe1e3fca511d10b35bd617633aea0f54c3d21e,ca2462fe92de8f57b3773d557a60cf65c446cbde18a3b43b25af91a172b83140
cotton-wool,35,33.08365216904642,10.970795154571533,-18.436317443847656,-29.653050906521074,3e888cd0aab400add5654a20876a80430ad91ed3fb14d35b8af08ef9d384403b,74a8f06fb12037c7b88a8f67c57b1de35bceaca52eb300740a0f464ee628e740
cotton-wool,36,33.29435563375286,10.890564918518066,-18.297154903411865,-29.647835558483795,f0469ca2ef617ee5fe85096650f511e3f01a17d8d990d97b307a61496df6fd1d,db304fcb8e02933c155626bd9f3a3d9ffe06538151a88e6e4c0d8f3c11487f9d
cotton-wool,37,33.507006365203225,10.81146240234375,-18.15962314605713,-29.642639095584073,001a1eae256f8d14a13954c723fd8473ad25a1f2cfd67d2a4366997cc83fa158,0aa6c8fbe246a31eed4b7fd34a3d48ac90bd76256a4a818fa5dc067cb631babb
cotton-wool,38,33.7215407522639,10.73349118232727,-18.023722171783447,-29.637462606664585,2566c07cadb7c2c91c86450b2e3d046f5cac94fbb69d25c4ec3e572ff9eef547,ebc0d7dd551207d76f6b07a23284c6963d970fdebf84ba5aa69f2927aff7218e
cotton-wool,39,33.93790517499519,10.656651258468628,-17.88944363594055,-29.632307093757944,8d17851eec6f98fd2912426b5a3815ae7fccd47c5b40c4293623ed17bbe82d15,edc3abcc58cd4390034846d45c70ac032908af972396ae9a57ea34d701bfb1fc
cotton-wool,40,34.15606518256096,10.580936670303345,-17.756770849227905,-29.62717344544307,1fab36f29cd3b51cff464d47915e901e0d6498f8a83d0f3eae7844766dca6701,a1b443483a63f78e96ab8024676be33426de1037208db72a50d93c34cd4afb22
cotton-wool,41,34.37598421857858,10.506340265274048,-17.625685930252075,-29.622062454587503,016e9a8d5eecb70ff92452559ee0ef3dfdcbc30ab7ef45d53c56ffa2767af091,83818d388724d9bd07b0518d6dde160a869a1b033637990631255a132c30f6a2
cotton-wool,42,34.59763872453842,10.432853698730469,-17.496166229248047,-29.616974791236306,5a9a5a198aef2c901e8b343edc85a1efa34fc19c822bb48ecac23411a5f774e1,7d9114cd8241e905b64b893bb55e22571e2364e1063aa15e8755d538903de9e3
cotton-wool,43,34.82100488881626,10.360466241836548,-17.368184328079224,-29.61191100901398,bce94df6f47e82f748b125482d99849035e07d81da73cc938b342e0719cd6779,32d7ee9b13cd644457bab6616613f369fadf1d75576e8e635c9bab50f7228abd
cotton-wool,44,35.04608309545951,10.289160013198853,-17.24170446395874,-29.606871540248292,b2d0dfb059ba2169a94b7c6ea0cf91c1c95ce1124f1692ac72e141a58f74effd,ea49ae630f72b07342fd7b20bfb3202a220ac008fd74fd42c90e0445b421cf6b
cotton-wool,45,35.272876874573946,10.218920707702637,-17.116695642471313,-29.601856706490054,04323752396a93614f8b32cf403ed0126ff0fbf0cb88268826e236279150df0f,666ea0cfe71c8023b53f5dae35c21693534d14098860fb3155aeda2bdbdbff8c
cotton-wool,46,35.501390076426325,10.149729251861572,-16.99311852455139,-29.596866693378598,09323aae05c3f5fe489a423a8a798d81cf1e3ffaa233e91fe360166f88afe5e4,d1dc1f574109853ea67e08560333c70dd1a006ff119c694ebd1669faf400e6b3
cotton-wool,47,35.73164959144755,10.081565380096436,-16.870933771133423,-29.59190158078192,a96363e9d399da180897c20af20ad2fb361f5a913ff04fe9c863bd0e6d58fe3c,f46740652f3122c6daa4286dea0f6045b6d55a2f7b7d57d78904ef6cd4642365
cotton-wool,48,35.96368381681941,10.014407634735107,-16.75009846687317,-29.586961336372546,9be6c70c223a0248faa0ea350d29ac953d551f65d2cd1ac45350fea871e7e95e,f24cc7a78e503157ddc7b11046e3c286f1ca3182da383ddad235e97be805572e
cotton-wool,49,36.197523787405224,9.948232769966125,-16.630573272705078,-29.582045816241912,ebaf25760b97294ad7e05ea71b4cfd3a3cf5eda717a045a9005bfd2db5e733a4,d5e5612deba3a2deda812c68b92659d37dee5996f0d2cf344f6c3cecfd86fa7b
cotton-wool,50,36.433202892646996,9.88301694393158,-16.512314081192017,-29.577154779625474,7688011e6b528a492deebdfef65725117eaaf2ed2e3d6dbb2aa63b9f9877a16a,78aabe6d4a7c03edb2edb09ffa1be51645d6f7b0bc07aa42935714630780f25e
cotton-wool,51,36.67079546323678,9.818733930587769,-16.39527678489685,-29.57228790008708,3c140c31bc1b3f4d4a6b8b7460cbbd5103e3ec05b9a2ce3d6a20762b396cc4d6,e65a3d4755221fbbbec7b1fdc33c39232fdfd3b5407befa5016bb8e39e303499
cotton-wool,52,36.910331768040784,9.755361676216125,-16.27942442893982,-29.567444740413748,3c932944864afbdd3d8c3b65aa453f444f1431111362ee4da63f2a875cffb8a9,3d47cff6c316be550b0753ed2f1e97d96357f5db47a7ad2a68feab1aeaeb27a3
cotton-wool,53,37.151876987840375,9.692871570587158,-16.16471290588379,-29.562624821477094,d013ab22f911137b04a4eeac3575ac928591b3570ae207381805fd0f9ddb522b,ddd82f9e6c8760a67570e20c3fb7f356c8358fdc00159c060dcb55c1d91a8dbe
cotton-wool,54,37.39549742130205,9.631238579750061,-16.051105260849,-29.55782757842408,7d9c79b6e1ab4a97f11f46e98af83e3a84fcdf1d0014abc302037964e6b021be,5a86558a6ed8fc3daa4ed8c744e3d2b5b4c3f3b6c802333605951deb58386269
cotton-wool,55,37.64126286571368,9.570437669754028,-15.938565731048584,-29.553052399848752,5c1a46547b64264cfea5fb007c647c57b71f29258636dbebf405a5e9e9cb9e0e,4177960fbfa565376d73035b99ace73d10099ee3b1eba054158488bf92b28738
cotton-wool,56,37.88922399365956,9.510443210601807,-15.827057361602783,-29.548298638745244,747079868ac3dcc73467e1946244c4a2ca5a3154a0858735e07b53b616681223,22e3a04513c07971a259a5935b3f77a65c80be5e9bf98607f20daca53f87157d
cotton-wool,57,38.139448091386804,9.451229572296143,-15.716552734375,-29.54356561028325,a80de78e98c3f0ba66409049da023aa1f9926ae0ddedf40ec86dba7a4e65fafc,afc5c6b517188b20a62ebff270a65fc4255aa3ffdace6ce21eee7cbc04a3069e
cotton-wool,58,38.39200860690238,9.392772912979126,-15.607024431228638,-29.538852617028596,598afe7584e31cbd41989f21a8fa8d267732e58703f992dffb55cf62a634112f,aac4aafa4d81c8023a2e25f41723212f608dc40a10da2376a5622ac32bd8d44a
cotton-wool,59,38.6469623981548,9.335049986839294,-15.498446226119995,-29.534158963156308,a297dc3aee97bd2cdfd267c81733eb0595d9eeea779dcab615a67437ac144cce,8f919ca688f177ec89d73536971f3b3aebfbddb60a626166ed23e4c74434e227
cotton-wool,60,38.90436797819214,9.27803635597229,-15.390799045562744,-29.529483945469373,e19754184dc0c3354d338a576ba48d4768f84ed87c6f25ed801415ace0952124,629f2153be8a0c16fd1b90679cf35315e6f1b8bb0c78d8aaacc27778ac13cfc3
cotton-wool,61,39.164287184831174,9.221711158752441,-15.284065008163452,-29.524826902101022,99eb6a21d7c51a9de171d4d44b90c87b6799f1e61c5d29b9198375bd37c41bb4,29af37eeea9816eb4cd39b103fb6626ec445fdbc3f33f31152f2c59a0eb69b85
cotton-wool,62,39.42677631122959,9.166055917739868,-15.178231000900269,-29.520187183754672,55ea32432edd01e8a918a0a3537aac079af92bf9aac863dceadc76ee9450097f,7b854a6782a2c1e050c356f998c7cf340a526d5dce0366b28777c952b033bf26
cotton-wool,63,39.69186484459042,9.111050367355347,-15.073288679122925,-29.515564190952585,cdbf40c2dc9bf54061107e334ebb9f5c9b63444b287031ec3b5d7c0e69832af9,5763252e44a264f0542e0890990be222e7df8dc9038324660129d94866619137
cotton-wool,64,39.95960963948428,9.056675434112549,-14.969230890274048,-29.510957371946684,8d328895701f151b2a87a2fb1d82f4241322f8eb05b8f2fea6a51eb3f2de03dd,74bcc75dec1772ae9f44e48b685e8e530972c5223632336f826fb59d5806f727
cotton-wool,65,40.23004306392504,9.002917408943176,-14.866057634353638,-29.50636624888261,715093c2f1847a6a255f762e3ee5c66b2dd774d388a4940c41b2741055554afc,4ac648008ce5bd45cbdb5955460741d12fe294e2f7f7d70b72b156dcbb91634f
cotton-wool,66,40.5031702052266,8.949757814407349,-14.763767719268799,-29.50179039166602,67e556edefa04e2e57f13e7bf75ace4f7ce8adcfdfbf7e2c0d07a2c3057562ba,015eff326a1e2670f83ee7cce1759706a5f48115b97d217549db834222ad8940
cotton-wool,67,40.77901668666901,8.897186517715454,-14.662368297576904,-29.497229466610094,6592774ae3b4a72da2a8e4d23fe4bc0ebf9f820bd9baa8bca48652b3ea85ee40,3e07934ad6abc8e952f9e9824b190b1d96db6bd2a2eb0ffb1831932a45657ff1
cotton-wool,68,41.05761084618485,8.845189213752747,-14.561864137649536,-29.492683205915323,85f86a069f573e314c76b9ff0c3481d974fc4eac0a7bae98a7ff375c91d4b883,81850c3cd6868b6f4f757b05a1937f69bfe9813e1ae2360ef8a257cde7fc3014
cotton-wool,69,41.33890515654001,8.793758749961853,-14.462270736694336,-29.48815143659218,4d6f7907c3157c721155cb6883fd738370ebcd5b59eb928a5f7d1ce415168063,2e71e347474334346b66b68840ccf66d88e85c842d3593f46b714b5eb7b4c8ad
cotton-wool,70,41.622944482668245,8.742880821228027,-14.363595247268677,-29.48363406755723,9d36311165a5e72d92537811f938b75ee761c113e9f3496f559cd0c4cc2d26ce,dd5cdb526c745959d73632dc99ba0ff3ba36551ba88afe713c02da1ca7c5f9af
cotton-wool,71,41.90968945629639,8.69255244731903,-14.2658531665802,-29.479131096306514,09787aca155644569f9bbeb5a1faf260d0b4fbbb437ee28ca07e05b628012e94,c2152e0c1339c61cac16904884726027145dcfe6469e10af10e2a9c44cca0942
cotton-wool,72,42.19909346838682,8.6427640914917,-14.169062376022339,-29.47464260244573,343b49041aa30ac73c8c3be1eed6483fc4d9ae9faef542503846f446c1306f5a,9a889d2e7ac0b5208c4ba6cd2ccedca47313bb457263ca714aec134105f3df4c
cotton-wool,73,42.49116297252486,8.593511581420898,-14.07323956489563,-29.470168775801227,b67610a0ef06168dc613b36ef9edcbe76c7b74c5965baff490445ad334d39b74,c6ba418249f37ab58966189da97069cc1312df6abb13f9e63d150eb6a5c76610
cotton-wool,74,42.785806293088754,8.54479193687439,-13.97840142250061,-29.465709850860122,2fec4a7e897bee3d70c976d1f5d9ccd1d45adccd8b26bff959dc8913f232b849,e069277ea53284deb7bc412edc7225848f9c502ab7d8a9884bb925b2a9c15198
cotton-wool,75,43.083025988651066,8.4965980052948,-13.884568214416504,-29.461266173829053,69271a1c7f1ca5cdbea27857eaf42ab980edf0789fa41f4a58f4b9cfb7d9aba5,49d6d7e3bdd6d13d1273eb53e7d9fecf1fb2eb43a97267682c096943d180f72f
cotton-wool,76,43.38272975799326,8.448932766914368,-13.791759014129639,-29.456838153092832,e76028125ca56368d211b4fbb45c4a1d74f75c56f1d6e47233f88d8b1d975a6d,5b4575579315c8ef03c736c414360221bfceb7b56c1fd7ceff89763f474c7e09
cotton-wool,77,43.684882000767004,8.40178906917572,-13.699990510940552,-29.452426254595334,80fcb5d80646f4b7a35bd7c407a6349d839c07a1e6b710c2092f64672353a195,0a030240ff052fec8b6b65e7c6f7085d900e3f52e72645a9a11810289682ae85
cotton-wool,78,43.98939639110353,8.355169892311096,-13.609280586242676,-29.44803100717424,5d38403e0af297222e0f6e4df0f7ed581b79e9b43d4f5e567ae77af7077818a1,30970b23b5e8900fefd25d31d4409136207188d17d1216804e6bdca1889b2c95
cotton-wool,79,44.29623049562187,8.3090740442276,-13.519649505615234,-29.443652985864293,c9853f42444d05b1fff45926b29c594cca0f09865360d3a75bf1ed454bf2c0c2,e58b9161441faf5f0640b06a7d756cd08ed563722bdec2db26b1558fda9d5fcd
cotton-wool,80,44.60528862662605,8.263498544692993,-13.431109189987183,-29.439292818532028,7d85c407276171814c83e731b5b02e31592e5fbe311240d5bd0222aab1a2f511,df3bb8403d192b2d6d0665138bcb166c73033e27a8ddc6e8e4024dc4e71d2da2
cotton-wool,81,44.91651517601833,8.218445777893066,-13.343675136566162,-29.434951150521286,f65520dfb2ce848ae3a258e324f66ae7f991652439f11a840fbbbe3da8229033,df9459570e5081ef8d36795d169c9e25eb1275165d752cc1d8b4413df6f90522
cotton-wool,82,45.22982554012668,8.173916339874268,-13.257361650466919,-29.430628655097752,fc0a1efc1c324af91eb8e6c43b5a5caa0566fa2953e68cd70771241afcf51a86,3ad3e8a027b8c405a6940e62af940e7a60ac72e2763538eec130fbd38b9ce094
cotton-wool,83,45.54515199198906,8.129909634590149,-13.172175884246826,-29.426326002993658,c71c15837bbff0d55568258163d8ec63cbd734f60e1a5ab53d492c4f99dc4b9f,b6439aab9d6219dfdaa0ac300331a3816ee7794b98ce58809c04fe26eabacc83
cotton-wool,84,45.86243735053895,8.086423873901367,-13.088130950927734,-29.422043901687584,83137ca4ce1258b1881ac7d02fc0ee700f2bde9547a356ee9379b348769881f9,2f7efe57ee5f5cf461b91002aeb264db2485a79bdae561a4aaea09ac10eb5aeb
cotton-wool,85,46.18160106522786,8.043460845947266,-13.005229234695435,-29.41778301055244,596e972b897784a3bc44e52cd08fea7909dca6cdba762d14f101c985fdde5e07,cc8c2101a151fdef078e0e13a485547e8f7018691e00cbb423f54e740b85a561
cotton-wool,86,46.50258051366533,8.001020550727844,-12.923479080200195,-29.41354399012964,416d97866d2cc519db948e822298ca4222c1820760497132408c6479516ddc2c,603b2b9a600e73cc7dff0be950ca03229573cf1b306f1c9f0904dc573715f4fd
cotton-wool,87,46.82531070394375,7.959100008010864,-12.842878103256226,-29.409327477708604,e657f81e3e4774eaa19b2ef1b14034194d0937fabdc116b887117c3bbbb6dfb5,f893105df51ccc447ed2de1b5df7a9fd14808f18218c11b46d5cc291f9b86e97
cotton-wool,88,47.149750066645105,7.917699813842773,-12.763429880142212,-29.405134080461252,f9f23f0745db3d8456b474ef7ffe4a183472b804cddbd860adfa1fe3de2ff334,779f0d4cebf3f84c585868552d39d9f5dfad929ab32bb14aceab7bff6536b72e
cotton-wool,89,47.4758416908325,7.876816391944885,-12.685132026672363,-29.400964366961816,46b1f76557a39c56b4ca6aee202d69ebf48090677b6d174dfbc586d5b48b4dfc,cbb7e82ab52cf23ab8602b7207d7fb78fe44f17932b48961563eb7b3ad6c84cb
cotton-wool,90,47.8035175519089,7.8364503383636475,-12.607978582382202,-29.39681885592728,5f2b1db7cb5ece82a0eccd43fbd8f266f0cca9669a26bd1ee689f417b19f2b62,d3efa8ab54df99f35ddf474f0d8ba811c840b46119c34a05215b5f8b7d0c1df5
cotton-wool,91,48.13277279534005,7.7965956926345825,-12.531962394714355,-29.392698029792015,609aed356b41960e75e7c7097e0e7d35262303117454938c0b21f3b3ab78fb92,e58339162d6eab3d5405251adcacadce549772fb51cc5c588b3f812c1522d928
cotton-wool,92,48.46356703907857,7.757251262664795,-12.457078695297241,-29.388602292705876,d06a4419b8ea89b3c8e11810db911878da57ff859d66ae8b45046ee5a1220a84,6d148f8308c9c27cc3f3920f87622754df596ad5ee0d9101d5b6bf381f3805d1
cotton-wool,93,48.79586937821398,7.718411684036255,-12.383311986923218,-29.38453202755913,d121e17e44645c780a9dbe6e78c5cf47bcede42cdfbd184a0607b647e914c7d3,3e73030fc06e4b12ec95860d52e242b4b9c7aec25937652a3b109005b46e8a95
cotton-wool,94,49.12965888619304,7.680072784423828,-12.310653924942017,-29.380487545721763,58205ed59850d3aecfd956bced7a455eabc5c627418cd7d42327b1b7693056a2,55e60f30f0a9dd9b754f1e5a97d114510f14acaaf13dccc6463b83f5c50c7369
cotton-wool,95,49.46493038189836,7.642231583595276,-12.239089012145996,-29.376469090486985,61a77936542f61cf717b96bdb9d614def518368e72c274de72530335a1b60ae0,d5bbb098450237db6901be8552930e2a6260f26ce19a689396c7dfd955a48538
cotton-wool,96,49.801653594357695,7.604880332946777,-12.168605327606201,-29.372476867591118,b36cea98728fc3aba31329b8fc273dddd5e0d1b945e6540f6d8d9268601f030b,2e614b12f184c82d7604b988ab90fdf5003cb9fb8645714687be08637c10754e
cotton-wool,97,50.139865963868075,7.568013668060303,-12.099183797836304,-29.368511020139756,79134a9408efe7c54311f7cc9fe0b1d1bfd2a93ede05f2944fef1cbe2f08397f,2ca089888562a4d2eabc98f2a46b61edaeb1c1e2853653628b4f088d947c507c
cotton-wool,98,50.479536972941276,7.53162682056427,-12.030808925628662,-29.36457163002477,f92557cbb170555f6b4ea1ee43f685041ef5137ec26daaa2e3348870e4dd3602,71226e16c011757c0bc5cf6a95780c67d172c8adf1f634d179db4f710088d801
cotton-wool,99,50.8206954431998,7.495710253715515,-11.963459253311157,-29.36065875018408,fa11903cf2e59ee28168582fc2d8c85f5b375bed5a228295a93371bc5807fe48,2a51b1ad6b3f3013232f076cf7fde614723d74fc46c6b2ecdefa9963c0c02ea9
cotton-wool,100,51.16335143866813,7.460259199142456,-11.897119283676147,-29.356772359422614,bc1d33acfc257d7fa3251eb2e81eea6d5fdca99d663511e657102eabf0ab6a32,7ed9a1de93a91aefbb1e428cab78aab7115286743a5f15d480173032240d7b43
cotton-wool,101,51.50750948339012,7.425265312194824,-11.83176875114441,-29.352912403678154,dd9c7c50f946f5c38840c70e1cc7ac85502bcfb0092e379cc5fda743940e6d10,fb3b2546490608d69c4acd6a56f478a87ae9dbf9a3d5dc8d891cdb9b14662e70
cotton-wool,102,51.853217557847515,7.390722036361694,-11.767386198043823,-29.34907880671561,8d52a14c8d985398a0d0a2d0b3aabca5fed54386f0b35b94df2d513fe640e756,fbc96a7159c441683292f36447acc1c5138f3795c1f969ec609b8b1b2e3dace1
cotton-wool,103,52.20045828922021,7.356622815132141,-11.703953742980957,-29.34527142706232,9d1b847c6e8db152372527b274d21c685773475e935c1e5b9b3b6be3c221d2fa,a30b901b6b199647a264a442336e59210cddd287224234334117f185e113b055
cotton-wool,104,52.54927656451051,7.322957515716553,-11.641453504562378,-29.341490128937735,738e6f29ae7159cfe7d035dd01b7b52a88b879aad978761c27fe0d0ff200f7e5,bf41eab000cfd2098248671a80edb2409d44093df347c35d76f3b6f1e7cef6d0
cotton-wool,105,52.89970884179859,7.289718985557556,-11.57986044883728,-29.337734733025627,6fe906b740a7ae5235bdd5443411d91e7eafeadc240921a3dc95724455d0e33c,7f5c2250cc82f26ae2a07dfef75ccf17b21605a6d3ebbb525fe8fcd0f7bc0fb6
cotton-wool,106,53.25175720744728,7.256901860237122,-11.519161462783813,-29.334005028971582,5d3ab9a437beec7424067625adbf114b763975818f5f08838094f1f25886421c,e4e10bd82d23d5885c953d698243e684a52d2e176127e2eccff1666737e90e50
cotton-wool,107,53.60544326790717,7.224494814872742,-11.459330320358276,-29.33030081896325,ef1c7d18f873befc1d8dd2bb528f58be1ae1b054eb0b474081e6ab8eb4efd1d8,9f62531338bcd9c218b739f76ae3902b8bc54e31eb57031e177086f148d10d20
cotton-wool,108,53.96080164164067,7.192491888999939,-11.400352716445923,-29.32662187744555,60ea72e9ee503a30e776964ad6863af36eb9e8d5d01f079a099117fab1ccb3af,63f9c1df5837e2c5e9088c7adef08783739c18e68f064c2b3ed79188958d0d74
cotton-wool,109,54.317857394922335,7.160887122154236,-11.342207193374634,-29.32296797930206,2db72d9c7fe442db3fa55d900c567efcbe1369d6908ede7fc91af0482207182f,34ce46375de52306c8de8f0a05114b33bd86cc63e517f83d7ca2b75b9c4f8b65
cotton-wool,110,54.6766097349847,7.129671573638916,-11.284879446029663,-29.319338902195753,40ce2e2356bcf234402d56ff573078c02b9c04d311476acb9a164d310bf47585,a0c411f99ac71aa211410c20f0d68c776ddbd852dc5b482be8f7cd51c207f705
cotton-wool,111,55.0370742682256,7.098839282989502,-11.228350400924683,-29.315734428284905,6665a0e8ac10f091df9157ca2d004df76f1a4b79ecb51b9562e1ea432009ded1,f909953dc38a5077d7652b50fb74e0ed6706449f0223d40a1e7eeade78acefcb
cotton-wool,112,55.39927744831321,7.06838071346283,-11.17260217666626,-29.312154335681917,a75e21ce3f0830f02baf7692de604e13a29482897d2c485c6c78f7ca2d498c3e,6962fa55f62d07f9ff69df583af449955209ab83c1d3b54a71596bb51bbcdf18
cotton-wool,113,55.76319854636019,7.03829288482666,-11.117621660232544,-29.308598422639434,813caac6a54ded25fd21f6ed8f4d887e11c6a9ac998dc0e2a17e793d398b2166,7606b2a3e42679288f73388c3eb6347d0a581961f31e1b9d6e6ec60e289c39c4
cotton-wool,114,56.12888535747426,7.008567452430725,-11.063392162322998,-29.305066500827976,21cca7b866ddcf61082430834f6d452a899c313de32c14792ec837afef46caec,bc96b416c4dce26f448909593a84db3199bbd5caa72f5aa7bd7d0bf879a6f6c8
cotton-wool,115,56.496295985629196,6.979197263717651,-11.009899377822876,-29.301558390684498,57da4747c3e154a82a9da3b1dd8192c1f079db8ddf004a3e9fa7c42e9dfd8636,5401b0ad1244505808f91e600513903999c2bbde190a92540b480be4d0829e2f
cotton-wool,116,56.86543838629812,6.9501793384552,-10.957129001617432,-29.298073932517173,24be318ccf6284cbc2226ca2e15f5e92bc56c4a8b39a788c73a5febc934f69f0,70258be69aadbba965988a01b8910d22ce65c9a8ad496c241460ec070883a82a
cotton-wool,117,57.23630588892934,6.921507120132446,-10.905070304870605,-29.294612988225648,773648d2d4943993be706a291c05b7992c1b27ff4b67b6c158da2e39837049d5,acd827c1bf219d56c3fa55e220939dc2f6b876d0f1aee0a6f0e3086c81013108
cotton-wool,118,57.60887389894115,6.893172860145569,-10.853708982467651,-29.291175438192518,4cbd8889483e00d0e8b1058d5bb50705fafabd14af53c95a3cae48627116979e,d79ed04754a9c9181fced9699437ba01c4a7ed9e250c2860bb1bfd37d2529d7c
cotton-wool,119,57.98313363329978,6.865175366401672,-10.80303430557251,-29.28776118282897,9b14144ea6a09033a5151d3ffff8627c7e05fe015a3102002e0ee5555a14d53b,0a47530f541e953488e4b72ad4aae52058bdb189e537bc20a9e4e17a712357c6
cotton-wool,120,58.35905358547614,6.837508678436279,-10.753035545349121,-29.284370132324973,6269769e41c16c21b475e4eda0d76a5f180d027a1889dae103a707055025345c,be1c695de8c1d3faeca964b351ad495e0558f97fe76b94ff020b40dd4359ce2b
cotton-wool,121,58.73660104532887,6.810166239738464,-10.70370078086853,-29.281002232276705,0f286c7c2f91895df27723a1d388cb328904dd2f0843a2f2794ef2e8d88d4fc0,7997cd3e0179d9f3e7db9fa5acb991f7cfc000e4698521863ddd7b259534153f
cotton-wool,122,59.115765237738266,6.783146858215332,-10.655022859573364,-29.277657433317557,abdea937731845cf27a982e5250d272d37a3c4f0ef22970297406b7471f6621f,39a8bcc92b718be404fa2971fd1aae581d5db3bd38ee713ef281514e244cd0b4
cotton-wool,123,59.49648407816422,6.7564457654953,-10.606991052627563,-29.274335718007638,39ffee635d5e67d4a06d40b300012819f09d139fc2aaaae5c9dc56a47e6df774,e41b68b698804d4e7e7ad29c8285632534383097beddb025e7742715ed2550a3
cotton-wool,124,59.87874415794228,6.730058789253235,-10.55959939956665,-29.271037077474112,7238d62a27c893a968e35a961b79248e860be288957d85d6642188d2af0321de,bad9c5e795c04bf4ac89ab9648068a0592cd0c8ba9be710386b256cb19dbfb8e
cotton-wool,125,60.26248646096401,6.703982353210449,-10.512833595275879,-29.267761529588846,2fefa9ccd83e11cbd376ab7e57e6a76461676652f6ade17ee4b6f16b511d408c,f51b32e98f7bfe11f9c8796da469174bb597d34b973cb3ac83d8b1b83e96cc41
cotton-wool,126,60.647660398855095,6.678212285041809,-10.466690063476562,-29.26450909225609,340694108b5c8b8d23d6bb8fc3129e4b90a1d2ae4439cf8db80a9e142ba467c8,ebb1a26f009f8e29992be12eb73785d663ee5cb300d8fbf542eb40db72c3d123
cotton-wool,127,61.03422988814978,6.652749180793762,-10.421162843704224,-29.261279810091516,b7069fa902425ed60c49dbd3ce717b4d3f15a18bbce2ac3c01d44329bcf0cf4d,2978dad1ddcb79f13f4aa07579284d2be293c80317546ff66ebba124f8984cb6
dist-bs-1,1,48.80738548394725,-1.6498532891273499,-19.809279441833496,-12.706047875722035,0f522471227d88b6dfae1e375ac84c256bba874193fc16e1e720cdaef177aca6,44af8c33848422ebb55ef2c7b9688a8e064bedd54361174954cc883c0edd8824
dist-bs-1,2,48.80738466667388,-1.6498532891273499,-19.809279441833496,-12.69611702020709,4eccb6ac9190e9a67903c89f9b9d08478380291d76be9c36f2310475430aa0b4,b0c871f287f39e63400b9bb169440ecc78d1e8e14134f3319d63721fcd79ad59
dist-bs-1,3,48.80738057877454,-1.6498532891273499,-19.80928063392639,-12.68619728676314,fbd114a8dd595296aaa18b79b75c93a89b8e20ffd30ba9ca5b7c577184ca5f0f,443e2722d559c3e71310827f53f48920f756348ed10ba22d0f4258de851b34db
dist-bs-1,4,48.80738128180192,-1.6498537361621857,-19.80928063392639,-12.676289043149854,ba3ebf96047bbae3dce7c139a5b1f77fdca5d83e385ec5bc3cd038ac06c7b579,6c9a035146a4877b98f21bc2b5aebe173140387072a67786b66258bdff2d8958
dist-bs-1,5,48.80738648231004,-1.6498532891273499,-19.809279441833496,-12.666391938395403,7d89f3f94c8db1f56dddf7ab5bc732a886cdbc0d0bf57507558c6213c4076e7a,bb8f08d09f9c7923bb6a6f71f7f37e850b45670a55045e64108dcff7cf08c2bd
dist-bs-1,6,48.807379352444656,-1.649852991104126,-19.80928063392639,-12.656506167489475,bcbc56c833ebfe351ec9af0d13f080e1b9c6e79478ddbf5818c419b5fcbbd447,9a6996e1661307bdf877182f051f558062929c7a6eb2804f0b2d2fcdd28242e7
dist-bs-1,7,48.807378753061336,-1.6498540341854095,-19.809279441833496,-12.646631630689946,9c04673a8cff3bca2fc35145b0f45c62d44053fa1006618c8dd4ea88f79a0806,600648f490e0f7c7cb1313c1be60fa5edd90f80cb6405548bf225409807f4e28
dist-bs-1,8,48.80737727253388,-1.6498537361621857,-19.80928063392639,-12.636768236653275,07b7ed389c97dcc0512c8f671b39d7a796903b6a96b8b8631510ff352c229cd3,3850856d4c7a9a4ef312f3994f71627d215be2879daeeb361b9915eaac239933
dist-bs-1,9,48.80738269612481,-1.6498525440692902,-19.809279441833496,-12.626916232953842,4c189a1496998f0cad283f203d0fe2b6c9c8ae1d1452d355e337fd896a653462,69d1bc99dff4da844c3b0e614beaec23320b0956d93e8cfef5935e59efedcd32
dist-bs-1,10,48.807380547879745,-1.6498537361621857,-19.80928063392639,-12.6170751384952,2ad19da244c4993c46c3f21972b5ca76ca5940146a912692df92fca85941b3a0,5aa4ad502c8c1d1e5a5b538cac8613442ba5c43b9895512a7b5a42608c5e311c
dist-bs-1,11,48.80738418736904,-1.649852991104126,-19.809279441833496,-12.607245429587826,efd55cf0d6e29d5bd37cd3fc66b7a962c9af078611181ebde724718d3541d880,f6a5897012e081deda202971f2ffaf6dc56437918a55a6745e589bcf68ef495c
dist-bs-1,12,48.80738126245088,-1.649852991104126,-19.809279441833496,-12.597426626079013,8a573ff49ea7386f966e3d5672be8893ea97544dd9ec31d1bd1b434b60dec5cb,9393bcd75aa9f2b2a4b61344fca8f6b3252c6de68bfa637a59cc4f6ba66d7f43
dist-bs-1,13,48.807375274285285,-1.6498544812202454,-19.80928063392639,-12.587618996631306,00791e089a2edce23fbcdd4e9938ee9e46ee29634b0c1b00217700ae2b5488bf,bfa8241e5ef4a633d8709e8ed14fb08a3d4909a49fcbaf201736ef6887d5cd51
dist-bs-1,14,48.807383463289916,-1.6498544812202454,-19.809279441833496,-12.577822420545244,a5993aac5c01d6efe329299d1761217b6453925d7405754c86fa778b93a74b59,ef0c6128a89b2c06dd47befde793ff303b1628d3b4a4ba2c19057fa4bdafb2be
dist-bs-1,15,48.80738775078392,-1.649852991104126,-19.809279441833496,-12.568036810841177,6c6702930808e64a2a11d870bc4997193f852a44f1c0d9c7bc12318932d96c03,7004ab3cea5eaa71106298c0b872177f251cf1e2cb7f51d1007052ea12338a46
dist-bs-1,16,48.80738078179332,-1.6498537361621857,-19.809279441833496,-12.55826237672504,9f95fcec979a40a61fc4f89beca6b3acaa0661b36d84a76daa4d025071d8df1e,14798c2e53060a4c2a484870e965fa015a72bf9917d56342215ca571321edc02
dist-bs-1,17,48.807386370043304,-1.649852991104126,-19.80928063392639,-12.548498751113558,4087a9f6954af5b1ffd730b40fc5db820e3ba78e8265aa34211bab1ab6a743e4,1a61e9dea204133f981adce0ca9ad885c556e94108748dbd5ea48b7ae97efdb0
dist-bs-1,18,48.807385269910704,-1.6498537361621857,-19.809279441833496,-12.538746299473045,959b96bd90426f82dedf86515381d4e104dfb9ec6456a2518a3545192f7042e7,ee2d6def13744cca7e776cb1369f8ab766d576cfc9b31d747f5930908c62b461
dist-bs-1,19,48.80738521764662,-1.6498522460460663,-19.809279441833496,-12.529004587876694,27323c1bb46d1471a8404fb3a99340173c6303c830dd0fa741b4576f462731c3,8b16dfe364cc19dc76ea5106fccca7c6105e4a0e87a0509c1bd8ca5d81e06a38
dist-bs-1,20,48.80738359846249,-1.6498525440692902,-19.809279441833496,-12.519273874873742,89d78d87774bec6d6b92d63a25d11177a29e316edfe2379b666933cef3933733,1798fdca7ab8e4db6a9da0a39e88bb8f6c86b32a5a8af420c976e7be07eab811
dist-bs-1,21,48.807385602509136,-1.649852991104126,-19.809279441833496,-12.509554032840375,ce726e48aa3e7fdf382cd22c97000cc71717f050f5a8b79303a315dbcd392101,a6f9ac300b658bf0dbb58bc372854d52241cec0736d0c1c6b5333867aac55411
dist-bs-1,22,48.80738335401639,-1.6498532891273499,-19.809279441833496,-12.499844996157588,86d5aa1352d8d463f815b57287616b7d59a4689310dbccb913ee0ce998905bca,83aaa20c9a66aaf8a314c58eb3b7a8c16d7310e030c256d550dfb6a145cacf4f
dist-bs-1,23,48.80738123592886,-1.6498532891273499,-19.809279441833496,-12.490146947988261,cb094cfbafb4838a05698cfe7ae00eb3aabe7d656c1700637b33b0d59687e40d,7ca721010cd9e6d47787099ca7f5017a23aa0229691b524cb530aed04868691d
dist-bs-1,24,48.80737707200431,-1.6498532891273499,-19.809279441833496,-12.480459543131154,4519d5c2b79d56c50ec418821633738d404d3b9f9617e3a5fdfe7f21b08071f0,03772af3e8dd25437200fcdbbb5175a7f5f60e021510bef23cca1b371ad3989f
dist-bs-1,25,48.807381078859486,-1.6498540341854095,-19.809279441833496,-12.470783153037173,505041265ed9c22b99eed2cd2fe0dce3492958d2ecfeacefc03a086004eb2319,66148cf36d35c71ba442ffbd972673917acb700cae44fd2a9d5434840a81f616
dist-bs-1,26,48.807383203528005,-1.6498537361621857,-19.80928063392639,-12.461117302246368,594241c0abc357a181f4af19cb207867372189ed1e968cb3efb5bf7da4b027ac,33caed51919e55c0eb5ee3c813fb71bfb4a9c0ad46da601e6515d54ba3955b5d
dist-bs-1,27,48.80737505532131,-1.6498537361621857,-19.80928063392639,-12.451462201179213,b8583befb8cb16c715d2889a95458b19ac0332fb5d3f79497167a5c37872ff08,707c2dcb8e03a66e3f7522bcfd8dbf75e3a89091d4aee694e25cb8397e868ea1
dist-bs-1,28,48.80738478309851,-1.6498532891273499,-19.809279441833496,-12.44181803119383,7ace5f05ce97b9d85e0c76407052de33c10cd0e94131ccddc35184e4cf1a68c4,ff33835123a077915ed6ef4df2dd5d57b2022af38200c19cc7de14d07e9db77a
dist-bs-1,29,48.807391722800716,-1.6498540341854095,-19.809279441833496,-12.432184369123053,71ffac759c7892cd15706b7d0bf8ed0933b93c647d00df1c21e2aae1c0e2abfa,3aa3fa3cd580059645081d5ba194e82f52651c02b510a5ced5847b590666c9e1
dist-bs-1,30,48.807384934612436,-1.649852991104126,-19.809279441833496,-12.42256153784144,b6f141dd34f71c2d5d28742e9c0e42f42b420c09c924c5f824e9e9f40e33d870,d5fe331b1e03e463563a717101f583eab4f6d4cdd0ee507c7cf6cbad092a1165
dist-bs-1,31,48.80737896869699,-1.6498540341854095,-19.80928063392639,-12.412949174575951,a54a2bfe63b9f4645b31ab96848dad7f0283cf36068cadca6ef01289b595e016,304bf5d4b80c1b9764f648b1ac92a94e11fa29533931b4cd50ab980839ffc8ec
dist-bs-1,32,48.80738199898426,-1.6498532891273499,-19.809279441833496,-12.403347661650695,7b2cebcc537449f42fa9ca087f12eb0ee39d6fcdf5e3ea8b47883d4e3fee135c,0a7784a972fc6e0064986f7f69d8013b9ad550c29deb0dc617a4548f3576af6b
dist-bs-1,33,48.807379043893775,-1.6498525440692902,-19.809279441833496,-12.393756519566047,3bdb4f239cb18e57ad5025c3f70a54c0d2bf536ab0e0013101bd672412d65442,efc951209d3d100658e01724582949c8fc9e904e06f2136224e4aeee2356bc45
dist-bs-1,34,48.80737385783097,-1.6498540341854095,-19.809279441833496,-12.384175963290293,91e992ad9978373c6089b0ad1abf78778176ba5f292b607574e92226c7ef3802,24f58da878c2929cf5e532a8b46c515f27f36d05331672685123553602519803
dist-bs-1,35,48.807384030754555,-1.6498522460460663,-19.80928063392639,-12.374606175104928,fa04d1cc29d5d4dd2abbe934c0ea51e2304e209b1a5da36ae1695d546edb30a0,687488e07c42cff2b79ab1b1fd27338181ee6b8d8ea9cf6b43e414fc44cef6a4
dist-bs-1,36,48.807382254114906,-1.6498532891273499,-19.809279441833496,-12.365046726556779,1636777ab4a19d852b8c2045eb59b5a22db51604e00d24702f07198309c3d67a,9dcffcbcdc9679bb8d7798fc83039ebfed8654016281634bef6e9973bd4bb712
dist-bs-1,37,48.80738265145201,-1.6498532891273499,-19.80928063392639,-12.355497939630162,92a2b36fa96861eb21b44b996c73f4921c7ef3eeea656422c911683aadb64403,646120c74e8abc98c5981646bf4b173d092a71f1331e54801a9060fddc4ced87
dist-bs-1,38,48.807380987196034,-1.6498537361621857,-19.809279441833496,-12.34595948925298,28c7bf8c723353488a0474d3b0c8715a457fcac2e9023b59ad40990dd02d42e3,3d54eeb7ab0035e638093a1429df247e10b135d2cc24d8272298ab866ed6f755
dist-bs-1,39,48.80738063861626,-1.6498532891273499,-19.80928063392639,-12.336431692520577,868a9294353f800350ceda9d04f963f67913722e5140a5b994e4c80ef9832d8f,74bb516e82f5677a88025d9f8becfebaf9a43e17e61a89371fb135efbf8955f5
dist-bs-1,40,48.80738599647286,-1.6498525440692902,-19.809279441833496,-12.326914115324833,5247746d8f0610cc03291225952c5d0a415a1397dc0d8ce42e88e1cf8b88c076,ded042b01d906ba2591f3518180c067c9740b396231719b2ebb86662f2cfc8db
dist-bs-1,41,48.80738392034068,-1.6498532891273499,-19.809279441833496,-12.317406965135751,06a20350670f7c7aef613be52fa8aff41a9a9e52a5d45df8f74dd16f223b4364,d860afe93e9aa956dde8fbce94044cf85267d0a976d5df7356e9ee80a426a41c
dist-bs-1,42,48.807380427392,-1.6498537361621857,-19.809279441833496,-12.307910421578436,5deae17ce039d7bb041aeb70e0adf8567db4b75341511f88a4c23fb36babbb9b,a3b264826101e4f1518b214ddd3c42592930dd9bb4ba686ebd692f0354469c19
dist-bs-1,43,48.80737865807803,-1.6498537361621857,-19.80928063392639,-12.298424036925404,be7baa86eae92949fadfbd1090882adb18b6c0ed7b4c289e7b4c055a99db52c6,2d45885d9c90300ecfee46a0981779bbf3d6b1ed00cd4b88c8f40fbc2f077e1b
dist-bs-1,44,48.80738313068799,-1.6498537361621857,-19.809279441833496,-12.288948187008605,2c6a629b9bbca9392f8802265e8c754ad92d0b579997bfd8d6d4ceef7b128dd3,07a939e223ce56226ff56a62b95c9a51100ead8bced913d3ccc92967cf842e4d
dist-bs-1,45,48.807391853755405,-1.649852991104126,-19.809279441833496,-12.279482491326654,ea06e26186e7d51bf0f82fd4daf1216977e7e74fcb718bc9001f897d3b882a09,fe1576913735cafcfd31fcc36e83a588b9fcb1a4a1b54828266653998d9905e0
dist-bs-1,46,48.80738142200583,-1.6498537361621857,-19.809279441833496,-12.270027305173265,47497748cd8d44240bc5c5bb5d2350d7a603198c46e68f62d78a08a79421a992,09fd8332594c30d15edf37cdc1f1be778e39e09ceaf2cb9fa791dc095fc526d6
dist-bs-1,47,48.80737986520778,-1.6498532891273499,-19.809279441833496,-12.26058217563761,b0855351ffdc47332e2905fbf93d21a063ef342aee7f39993cfe74110a61b9bd,8d64a79ae868ad3588a173fd52938f6ed7c5aff8bfbb4dbaee4d1fec1239c48c
dist-bs-1,48,48.80738228191369,-1.649852991104126,-19.809279441833496,-12.25114730594889,65c610dbfa1ba0c5ba57a0dc91562a9cc19001000b066686e06bf10f4fb03ab5,66437865edd3d4d55ce5f4d47e45e8333567bd30f38e1c2023cd5ba2b4fba822
dist-bs-1,49,48.80738757373699,-1.6498532891273499,-19.809279441833496,-12.24172289727395,5c368c4245e18178e926b1217c43b189623a4b64479a5aa88e6c1a3ae05af85e,692035a6c124e9fb8c4ab1f0d2ba63f980b57a2c4c95ccd87ccc73bf87007290
dist-bs-1,50,48.807383207908885,-1.6498532891273499,-19.809279441833496,-12.232308485482884,1c0071971c7de48c5ba681144b15629d20a0e2dff6bb12622024a36351321e6b,45594d9b2efc1673adbc0a3668c40e557fb66bff7c7ea3804238c6bbbca9c7cc
dist-bs-1,51,48.80737751413022,-1.6498532891273499,-19.809279441833496,-12.222904450667784,cb65caaf77c32e0dcf34e2c0872a19d540e77b13ed480c4c4275d770d7ea3732,3f0b74a7a131db44c154268d8dc48ebf75dbeb9bb31f45ac6b678d0f53865443
dist-bs-1,52,48.807379099442905,-1.6498532891273499,-19.809279441833496,-12.213510422446843,10e5b731c8a5d87bb8a1687fbf5bd515cbb230a8ece6cff521aa1b2ae05f61c7,ef7dbf6172335f2fb5ef5d71bad350ac7dea7f6ecee7ec7516cf46f5dc7c3b9e
dist-bs-1,53,48.807381572790305,-1.6498537361621857,-19.809279441833496,-12.204126616685988,a75b2815ec5f9a04420fce183189e47992efb06e10f0bcc1cb46fec6812ef74d,223083762744b9d2b2168ac6e16b7c583da5029de8ee08050691c8c3a3d901e2
dist-bs-1,54,48.80738177238975,-1.649852991104126,-19.809279441833496,-12.194752936302082,86ecf6ba2a93a85797549722eb3f6588c38c0cfad6ae2e92fcb76f28faa08dd1,f4655679ac7232e11d7c879d6a53f959c45dd7ea5ffc1de25db30c2354de0e9b
dist-bs-1,55,48.807382555796934,-1.6498532891273499,-19.809279441833496,-12.185389283181934,249b73a2231eff522a231ffa65a467135d5f2e7bb035544b5b102728feb5b349,a7b1f276b42e96df1576406f13ddd3205de102e374fecba43c5317242a006ffa
dist-bs-1,56,48.807382187448766,-1.6498537361621857,-19.809279441833496,-12.176035915339023,46d35fe7e7f23ac6164026ff5a21cbb734d35f335ea4d357eab78d7ffaf8cc14,e6fb0324ce9ab4fb5368f3e67ca31a86a5c02fbea602bb0044e58f229c53045c
dist-bs-1,57,48.807377303560685,-1.6498532891273499,-19.809279441833496,-12.166692397571673,517c6ea856ec532c6bd5d3f7dce05f9e12c99a6bda84b4bd35a5c4ce2514783c,85d574d8871611723fd3d81d8b17caf2227eac7d82593992fc662d7585e50bf5
dist-bs-1,58,48.80738217872023,-1.649852991104126,-19.809279441833496,-12.15735910092752,000113ff74682d2cf597b73238bbf92b5ccf4bc2b920edf0c3f5b3eeb6976d26,1559b6425b3b101480c4120cbf933d7dbef219d5b9363590cc18a6241d25d5eb
dist-bs-1,59,48.807375185375776,-1.6498532891273499,-19.80928063392639,-12.148035651142486,09d0273ce9f2c6bfcf02120535fed319ba60f9889ef125cfe08d01ffc81de6dd,f353995a29d2f2bf5a1576de63d0e01db1515a9a763ef7cb62f296599e3cc920
dist-bs-1,60,48.80738374005527,-1.6498525440692902,-19.809279441833496,-12.138722280928306,137bdfbb52e28ab563337cf1d275caf41cc0755cebd6513cd796550c4660af06,dce710c5668d5b7583a90778e9447913fcf4350706f068c2b704137d9584d4ff
dist-bs-1,61,48.80737880114336,-1.6498537361621857,-19.80928063392639,-12.129418879265572,4bbecf6f58aa3d939583076d340c1f04056d97022a9342adf05de090dda5a664,381c1b2e88a90cdf05d98b98dffd752d4f83c7f702ec75dfcfb0e8606d80ebbf
dist-bs-1,62,48.807384924214595,-1.649852991104126,-19.809279441833496,-12.120125353126115,c579e62c1c199d27459bf8ff0e8f9c8a675fae5f98d3d539991654d3c18bebc8,6b9c7c3f16bbca3b18a13f6c8e83dcdfc5c2849137655721bb1b13c01892a42d
dist-bs-1,63,48.807380833142155,-1.649852991104126,-19.809279441833496,-12.110841967995523,1519dd9825fbceacaabf622dc4c240b0daa88a384648f53bcd12b64b3be69870,4f79d9c68c646daecded7c5d6558781e82c1906c60761c897757b858dbd661a2
dist-bs-1,64,48.80738574465424,-1.649852991104126,-19.80928063392639,-12.101568247007418,c84d62c758bf4476f80a13e4c6ef9b2155167516fc2192589646e8b6bd8baf62,9f05ff9565f03b085b2a6bf996819acc903b965607cc5b1fe3d39bdec6105055
dist-bs-1,65,48.80738117343131,-1.649852991104126,-19.809279441833496,-12.092304660238522,24567d0c601bd0ab99391efc00f2d77e9ebc7deb05e0e9b5ec4deafd4c843fb4,a759910a556f590d27890d08fc8c32e2e0ac5aad599a866faa6b75568ed4e13d
dist-bs-1,66,48.807378577630416,-1.649852991104126,-19.809279441833496,-12.083050745140376,ea5bac95497e1a11aa2d14fba345bc7c349c074d08251771a3e1f06d991913f7,b006ebb4c04fa7ca59859fe6e668620d377995bc69d8f0cab063789263f23fd7
dist-bs-1,67,48.807379809000565,-1.6498532891273499,-19.80928063392639,-12.073806755789038,ceb1cf1d902ef954d809d4eabb2ee207be7c9ec0b7674f6aa6d9565c292f8d12,9aee657d966e0318fec3e9a2dac63fedc54915c64df4e9ef11c2424cb00fdf75
dist-bs-1,68,48.80738816703867,-1.6498532891273499,-19.809279441833496,-12.064572589355876,0c7380f923fdcf63291e73ebabf238a64f48059c4697b8335ad35024e7136335,218a4b08ac585a21abaa784b3e9f95b599449c901a9895f3f12b4d29261648dc
dist-bs-1,69,48.80738245913971,-1.6498532891273499,-19.809279441833496,-12.055348157010581,4c948d11578a53aef92d4138f0a9e495745852449f2e643963b6f3a95b1c6c2c,f0babf915a8353341e5009379d82f188acea745c248b5943d3a5c39764706433
dist-bs-1,70,48.807380677605494,-1.6498532891273499,-19.80928063392639,-12.046133673777275,45aafd7b3143c44f09865d9cbc1e47b3e04bbb2a553e46bef2faf1cab7c86ce5,494b075d053764ce0521bb6cf30ef14a4b9d94644d2269cc920a63375feb0005
dist-bs-1,71,48.807381168127755,-1.6498532891273499,-19.809279441833496,-12.03692877551407,556af0c258033d005241ec4ebd8e706257f9e33fbcbf394cb31ac7fb8a198bbd,e724ebd4a6307b0d7fabb2a274ab816c9078322aa03be88097878135d3749463
dist-bs-1,72,48.8073831197666,-1.6498540341854095,-19.809279441833496,-12.027733842035936,6e6dd7662e41151a7ad600bade1182b620f6b767fa9e407d6133277fe0a40f65,4a81ae904b120f3f897d8872f3e939e4b3d0ecfe4642b78d79b86a3ea7550560
dist-bs-1,73,48.80737905547783,-1.6498537361621857,-19.809279441833496,-12.01854842099719,36ccd5a7575d89695416dcf0a33af41134cf2e97418b6c5049f1e5376394bb28,808e3d51b9dbf9e48a6b98cc39a812686115c31ecf5de95745acde4335134650
dist-bs-1,74,48.80738135873335,-1.6498532891273499,-19.80928063392639,-12.00937267103891,ab3eaf4b5bcc7fe7aaa692d36af2be3a02bc8b8cae97651132e6da99c25594c5,6f37666d506149b1d91f6dc8be29ed5044f7548fab3807a625c2ed080f06e7ce
dist-bs-1,75,48.807384056587814,-1.6498537361621857,-19.80928063392639,-12.000206834391694,0bccc02f7d91d5170452574701ac40f931331f57a9e8e5f81b80ffc52dcdfa60,17c77f1eba1c49b8b9eb61822f474b57494fb81fa231c0dbbe1ca7cc7a36e1b5
dist-bs-1,76,48.807384230809646,-1.6498540341854095,-19.809279441833496,-11.991050468306304,49da8b954ca630412524ed369478a5e2b435911c2a2f618a97683902774ee03c,db3bf280d3e89c73e90ed319cfeb3c6dd93e40348b1e3468b2428e275aaf4673
dist-bs-1,77,48.807383482180626,-1.649852991104126,-19.80928063392639,-11.981903916554668,2937d948f3d122464a50793fe8538a0f6da5f10660d3209a32ed87b11230749a,7f13dffbdead0337a9105cc493e91f76f7ff3896573372f1490d9a8a9c3f159f
dist-bs-1,78,48.80738099387163,-1.6498532891273499,-19.80928063392639,-11.972766798031614,c1a2659e307d6a73dd8ca45c08f38ba764bd635019dc88bbb408adbd6b2f9c51,fabe2a1f650ccd72401b8dd140af052ebde7bfeac20ee708bc85c633828270fb
dist-bs-1,79,48.80738073095859,-1.6498537361621857,-19.809279441833496,-11.963639499272674,903a86d4955a81df85d8b1ea2a5b61d302eb500c6140d9de6d201d772518a4bd,647268407a11a31cda038c42b0691d37a0118a111760b3fe9aabd8b18afd12a8
dist-bs-1,80,48.80738810849496,-1.6498537361621857,-19.809279441833496,-11.95452155276623,7e09097ffb61cff4449e0b941ccce8d9c02ae45099b3aed1678e0936a5d9611e,700cb0499516fd726c357efa79920ca5ea488987f24458a557fbbe01fa7d0838
dist-bs-1,81,48.807387056405574,-1.649852991104126,-19.809281826019287,-11.945413174200114,8e8bd611cb75a28ef0bddb1636a8551b12f4bffe358274c5cb866e7f99790cf9,b8c52fefef4b51e2046937e67d33e520f5c0200b088767e073f98fdd47b2cbc6
dist-bs-1,82,48.807383041916424,-1.6498532891273499,-19.809279441833496,-11.93631455536719,9e3665b59e889b632f311adb7d2481ff883cd4eeeacdc4cc314ad05effceec5d,d050b1f05fe05897bda9a265c976b5ec06969bc84dcb005a73abcf5920c51c12
dist-bs-1,83,48.807382092663474,-1.6498537361621857,-19.80928063392639,-11.927225248931174,f483222d6af094b8b681cf7dcd18d24a8247313c1f161291b6c4f8bb2de6f2f6,36fbd469bd234db26f5c80d80820e9ef7d4a4cbe5f225ead4086ee1088ca32ff
dist-bs-1,84,48.80738307603299,-1.649852991104126,-19.809279441833496,-11.918145631445856,27cd26161a56da198996813b8b7145e318e470f2c7b8e16c410ee837dc19c9b8,26d98291958c9b518ecba57aeb0879397d717068c960090dc27b9a4c9e2ab983
dist-bs-1,85,48.80738058938733,-1.6498532891273499,-19.809279441833496,-11.909075306649019,469195875b59c88bfd96a230bdd78a6a1e22292ae0de1f89d6c521f6e70811db,2d7348b7db9b75d88e912cf1df2241252e02cb94123709a2253769779b264747
dist-bs-1,86,48.80738354157324,-1.6498532891273499,-19.809279441833496,-11.900014648021369,8dc8a3cbaf7a83bb9bad0afb185cb034b11a33404549d3ca2173a8f9d00771c1,afe4e82373562c147df27bed1495e97ef1976d1a1c96e97cce9ceddcfcacf568
dist-bs-1,87,48.80738203452859,-1.6498532891273499,-19.80928063392639,-11.890963216609588,eb3647da3fa4b49fb458badd4d1fddbd4c845e2238559ffe316c8ebeef5d2061,2fa0dc9e23bb0c01812b331796db3bde7a5f182ff330b562c76e243e8fd1b86d
dist-bs-1,88,48.807385101491235,-1.6498532891273499,-19.809279441833496,-11.881921207360227,0cfe4095dcf5e13156d669538fa3e3b14a73373b913d7d9a6057c912d1b43fe4,b63e411dc9d1b8ddb2c5e3be474c137727eb56620225ec70ca80a543f3eacaef
dist-bs-1,89,48.80738203470664,-1.6498532891273499,-19.80928063392639,-11.872888823514938,6d4dae0cece0326061952d7d82ea1156fd6a33f20511cb1dbd46727a2ffcbfd6,3e89c06d538e0a5f5487caf416088e89c050e19bdd8f5e10feb5ac9469ca48fd
dist-bs-1,90,48.80738283644746,-1.6498532891273499,-19.809279441833496,-11.863865602862525,05855e2ca15ba4277a0e1e75b1a4ed4e9657ae30e9628ae8d33e2953a23e8201,ecad87e49f80bb0379854537010195a978546099f6c5f917564b8dd1e400e7e9
dist-bs-1,91,48.80738498765566,-1.6498525440692902,-19.809279441833496,-11.854851940981213,c6c9df9e8f0f7015f2925ef8d33c785d7b5b18f262271fd86b894fe09233dc63,179bc0c5f6694666f3b9011f82e2b7c02c5ea51b88848a7373d2b9d106fbac48
dist-bs-1,92,48.807388160236634,-1.6498537361621857,-19.809279441833496,-11.84584744474941,496652047cb2eb5177ff30d1bda9181d9b7b241162eac1a4b57fe8c95da546fb,35c8a522b6bcfc952e32c248ee5f969849cc8eaea8cf61b519a7cda9dc3e1563
dist-bs-1,93,48.80738588213512,-1.6498532891273499,-19.809279441833496,-11.836852477808488,549200f820d84eab1770c04ca51316212f4be2f39c71734750b78d70a1249289,66cc91fa8f8af1cfb9a0e569385ddf367fe12534d101e8c240726dabe58dbef1
dist-bs-1,94,48.807385833445636,-1.6498540341854095,-19.80928063392639,-11.827866590220621,a64585fc56447699fe8eef04faee3c07b42b2e444478754bdfe1af2550998295,d116eb038bf6839dab3e2a3664ddf495d1d191989c8c4b57f5884f8afd221b5b
dist-bs-1,95,48.8073832738332,-1.6498532891273499,-19.80928063392639,-11.818889990168415,f0ec9d28e44ee2125a33934fc1345f3d5bd48edc1f6898133cbd2dfbede925fe,026ba0918551fa7e0bfaf10ad70f13aee13d7f50dd52b186123c2d2e49652462
dist-bs-1,96,48.807388122166955,-1.649852991104126,-19.809279441833496,-11.809922877229386,efce3e9ca3ab0ca9496bafe51638569ecd9443cb99feea33f0ee356a1298001f,a917522b26fc4cd89f5ecde96a8a3a91f8283f154fc78c6224087ead6c86f8d4
dist-bs-1,97,48.807384906487655,-1.6498537361621857,-19.809279441833496,-11.800964803599207,ab4ac3124c336680bc63c6ea0f7756662f5d5b0e6b5f42a4e833395f9a0d2922,7f8559d9ac492e5941cab253766f312e23a56c0a7ded1d7fcc9be8fd7e563462
dist-bs-1,98,48.80738623823149,-1.6498532891273499,-19.809279441833496,-11.79201614908629,4da3fdfad58e549713237563514675afc876d7cb589cbb94fd798da335c00485,aa7b6ffa80c97fbb15727bf749e86d502766e91c2317166c050afae1775a141a
dist-bs-1,99,48.807373482858296,-1.6498540341854095,-19.80928063392639,-11.783076520619067,d8b046f4bad45e6dced2b593355ce203686c96830f57339867b9911d5e2730ae,16410a1f2cfbedc547dd5b14a8fa0577f1844360addcef901a585d5791ba3d23
dist-bs-1,100,48.80738274790132,-1.6498537361621857,-19.809279441833496,-11.774146290286204,f20b5108b5de2ed051f604b06303257ee560d68b76d3234b53bf9b5f99c3fdb9,afce41a0172e3108161cd598046ddc7d746334fdfe3f0a6014c7aec86ea777c8
dist-bs-1,101,48.807388562215905,-1.6498532891273499,-19.80928063392639,-11.765224989664043,00d31e7e4078c87db97e997ad336af402b10bc4fc13e0304b9cb3cdfa65986df,772bc1fe8589e3e25d2ca2a0b425100e279a3dcda2a5c9a30e2b825e7000a65b
dist-bs-1,102,48.807386029370484,-1.6498532891273499,-19.809279441833496,-11.75631287817303,5c0f4a190ca18a3f585bad31f1edb438590f06ea4503d7949c58dff3fd115ae9,e5dc4238ed94051fa1ed8c6718e3f7069386add84d2036d3d32be29b693b27b5
dist-bs-1,103,48.80738478285224,-1.6498540341854095,-19.809279441833496,-11.747410111141248,506a7b970dbbce9f7c61b9a63c4c5ed33e294a93b0cd5ea77983acf29e81bf09,a38d440b747b8d500877fad6ec3bcb3f1d2cafd894c31afd20ff88f3147e4aad
dist-bs-1,104,48.807377806460536,-1.6498532891273499,-19.80928063392639,-11.738516235527934,07c50f4acf8e3b12e0e30f659044a4465ec632ac5f1384d3afe9d0bd7efd7b0f,a707e9cbc64fc90433498d3ede8e2be9316053907ae1e98843c6f3d35c3a9f39
dist-bs-1,105,48.807383257119255,-1.6498532891273499,-19.809279441833496,-11.729631661894393,dbe1529dad100b8ed674255ae23270a05f6b001f87c3a78d4749fd2bd1cbf8a9,b2369a67249687e547cccf1bae9c2b20fa20f8b7ce51c86f0150f1cb8c4ae84f
dist-bs-1,106,48.80738502302488,-1.6498532891273499,-19.809279441833496,-11.720755980548269,0132f579b52f5f4181871f37e687a84bf6339112b652fa754fc0f18729d17fbd,d05b4bfa7605bb3d0e54094f7ea0b82bc1381b04805c20de614a09a8b5084d45
dist-bs-1,107,48.80738018319078,-1.6498540341854095,-19.809279441833496,-11.711889439055106,4a507787c06d150bee22c7f3311e1cce11f4e6b64356b01d5a24e39fd07abef8,e1f5db991864797f0f25f450c5c5ccd4d69e12cee601ecd6c479607f99b32556
dist-bs-1,108,48.80737880519051,-1.649852991104126,-19.809279441833496,-11.703031940962113,a648e52ab12e34d4a3eb59a5b8029f4f23a1068e3c995edff3d67a378fb7b4c6,ea43001ca7120dbda4714b8de511f9077fa27d2c67d0f257ab05e07371235a29
dist-bs-1,109,48.807388896135095,-1.6498513519763947,-19.80928063392639,-11.6941833810686,09782f4abb0a2f552417392e26d088227b7873733916d383dc3a6b4b52bf4c08,ba8ccff062fb0bb219541520968df6779fecbf422ee57a91c34506e872095d24
dist-bs-1,110,48.80737991887122,-1.6498532891273499,-19.80928063392639,-11.68534403532936,f98e4cbe17ebfde77afd170a3278aa9ecaa8d2536737bf9870dc9256e22a74ce,9b22a68ea654da5f1ca78871fd8995510305b2ce8f4bbecedecce5a8dee0f1f1
dist-bs-1,111,48.8073823577473,-1.6498532891273499,-19.80928063392639,-11.676513429461792,157a100ed494795511d617ce1885fddd6005848de4a9c9ab89e571aebfdf2923,2fa0c60d70c05825f0cdf3a9562b8c4777f4edf85f6a17cd9d1b694dd55525d7
dist-bs-1,112,48.80738161789814,-1.649852991104126,-19.8092782497406,-11.667692044937866,4a01684611a11a38de8d58afb82806b67384330e51aa9ef2a48029b6eeda2301,de1d36590f182bca87a549d5c1679a96c8bb3039825e3208cc6e6e7065a822ab
dist-bs-1,113,48.80738457414227,-1.6498525440692902,-19.809279441833496,-11.6588793935092,b15419967ea30e5e5472e07e10ac31b891882317ca1314d254a6f7d8fbf8680e,3e58cd0b7c8bc36c46d1fdc16e5e561c586c0b3f785dbfd0e1c813ce1bbaded6
dist-bs-1,114,48.807386151418335,-1.6498522460460663,-19.80928063392639,-11.650075762630292,5d91ae93e1ba2c36135c537800d3f4211407eafbed78ab84518407f7eaffe564,7f6fa68f3a1a6848eefa17edf56f8d197f7a2c8f2497a86f6a9d40e83f6550f0
dist-bs-1,115,48.80738168272893,-1.6498537361621857,-19.80928063392639,-11.641281045426098,c7af691bd3e25353be5c1120d7f30ed54d5b266b664a0587685967c92381e6ed,904d7781271d3c326001cc433841fb800752ec7def214c4892888bb2d48e79e3
dist-bs-1,116,48.807379925023156,-1.6498532891273499,-19.809279441833496,-11.63249513473053,9c4a258d3729da436ce0ed05feaf88b5f4fe46d96252eabf31fb5305edc209b4,4f140e0dba6060c892c4f044bfff505137c1900311784ff45cb3be4a86b0ab40
dist-bs-1,117,48.80737995871139,-1.6498525440692902,-19.809279441833496,-11.623718289947425,21a7314b57670d9f9691fb653569fc4f4c1b18e3804dccfb7a51f164891a4578,79eb95e6527687dc0cd1e1dba824f3c6cc18056ee3e332a19ac10e7377b5d743
dist-bs-1,118,48.807378445496475,-1.6498537361621857,-19.80928063392639,-11.614950111408927,38ed8fcac48c3fac8549b5f9738daae7f930458f139d4f8d7f91d3f0027484c1,89a32ad7091624b5b360708ae30d0a572acd2e23f86df66cfa79b1e76b37707f
dist-bs-1,119,48.807377978090955,-1.6498532891273499,-19.80928063392639,-11.606190998807104,1364fa2c2ac10ae5c10c68c7280f73280f24abb4ce172be796c2a8c129970e95,5b8f137995eba383f03bb8992abfa055ca058ecff35e7a899ead0b20c26bb660
dist-bs-1,120,48.80738284928216,-1.6498532891273499,-19.809279441833496,-11.597440486717565,b0089f76fd6da43de6c2dd7b0869fa78ec04019c2db57ef913dcb1d71c6f29e9,bcc3f5d04cd8d7b2e98b1ce08b626f3509c9a8e529eacfb656e51b9e3ceea070
dist-bs-1,121,48.80738032765757,-1.6498540341854095,-19.809279441833496,-11.588698879058068,b6ce3b22804b936fd701fd3dd75fe56168719c459fca637a8ebc8c0793a81254,88ae1a0fdaa4537dfceb3a6e5b347cafd16d36b787fb9dc026a575779ea26102
dist-bs-1,122,48.80737884302046,-1.6498532891273499,-19.809279441833496,-11.579966060867076,66f155c31533ed750e327177aad372544cd57c686ba930b3976261b4c2da5361,b86b8518cb427da6a583d9cd6e63553f962087faec14d6244941b57302eb7936
dist-bs-1,123,48.807387507764,-1.6498540341854095,-19.809279441833496,-11.571241922657823,64af9c9ece36a57033764d0fd1bc26e60d62165e9642bd4547cf626dcac3609f,63942943cd179f948c5e1dd6d1db9cbc6bf720907d265409526de7573d89bb01
dist-bs-1,124,48.807373990959285,-1.6498532891273499,-19.809279441833496,-11.562526725520799,16d0b14e0557a013baa1631c2afd7ec4a35b31930b6c9b4a4efd91c0e0f6c113,4d23b62be4d546cd41592bf3f178d0031f10c4d86239c63c8d56a38f6ada2165
dist-bs-1,125,48.80738166096194,-1.6498522460460663,-19.80928063392639,-11.55382006692344,bc989bfe20b70a3135f7ea259e37e7d45f0bfb807a857c03f53ad3fc1356c8b6,b1650893b436aeda9b0dafc5e86efd78ce77bfab9362f479321ac0bd06a393d0
dist-bs-1,126,48.80738212614573,-1.6498547792434692,-19.809279441833496,-11.545122350409532,ae67e51a8f0e3c14d23fca24181b20e742e362cf696124fd56cada17ef166c09,b80d6c3b05c75482d51ffad9e7bde32a68acbc737528da9a31e46390ff316c5b
dist-bs-1,127,48.80737884667173,-1.6498540341854095,-19.809279441833496,-11.536433101783947,1dec2c16ed8d5a1556d2ed49e87e5ff59fa5245228ee45b8b9a37289c157addf,bebc5e1b1cab65f1935fa4fa2718a355f023af10fdcd9c231830002923af134a
moogie-1,1,47.75193666998434,-0.1268522720783949,-26.76516056060791,-10.42873387694268,a563b354285b55dfbe817c7ca7eff6bf3dea8c5d01e69d70e0d8726c4a0d885a,c22d3e15709fb94d86805ae7e3c24dc780e7666e6143eada1f976446a1e7a3a5
moogie-1,2,47.75193570492147,-0.12685147114098072,-26.76516056060791,-10.418802890220025,d1d81dff78acee8f0f66323b1efa8a5b939c4d25d05fe2b4b758195bdea9aa58,9669111fd068f9e2d7eae6aa9b93502bea393dfc27635580c56aba0b3d66645d
moogie-1,3,47.75193193273177,-0.1268522720783949,-26.7651629447937,-10.40888324095281,5977ff8a1d0820750a002da3aa7f11c23e50ab8766c410125a38e5c899deb7b7,1fa74ccc3af4c2bdc5c7b676c08a378dfaf0351073705e8222f9d200e8f67cb0
moogie-1,4,47.7519308334874,-0.12685174122452736,-26.76516056060791,-10.398974911841496,b1716c16d7e4aaae3247c6592dab8baad501141f6ad1e93164ea0c489e7cc77c,6c085d535dd39a614a10e2e1386409084624e72836f21e6efe92c8980d664d7c
moogie-1,5,47.7519356030309,-0.1268536038696766,-26.76516056060791,-10.38907787069949,4f37a1a0585810422560b37824f6dbfd442079139c82aaa55509e8fc8d8c6930,085265c5654a27f3ffcce66e8a68c68180b6d5065e5ec412c79379c2f4a52998
moogie-1,6,47.751937202717606,-0.126852011308074,-26.76516056060791,-10.379192095265804,5715f967566e7ac7337db9e739d219603744ff2c2a9dfacb204789b549e8e877,045977812b433abc68eeba7f5e504211d5b0deb3578e7e4ca305d0cc1b6e7cbe
moogie-1,7,47.75192904756472,-0.12685254216194153,-26.76516056060791,-10.369317559054828,93e69a19215f5b5b7716cdee7d88f02317f311e805e21aaea1fb58432e99ed07,9f6a7fecdedd72dacc41dd3afe86dd50c16a98d53dfd8a03b6296c3a47be96f9
moogie-1,8,47.75193927451271,-0.12685174122452736,-26.76516056060791,-10.359454230890368,51c0bdc491f6e04a080533308becde4652ab18446eba5349bcabb93be9a97b76,c47c444e179242a9ceffc9460486ca198ed18896e70a4e42ac1de586a2635358
moogie-1,9,47.75193620921494,-0.1268522720783949,-26.76516056060791,-10.34960209570378,266bad6fb3fe16b737c4941f527cd1b245c69701136058b120cba64ee036fcfd,814ceee5ff70f36552f1a10288394608eb79d4f0993723d90a4618e00e7b515b
moogie-1,10,47.75193469289509,-0.12685307301580906,-26.76516056060791,-10.339761118995241,1e75279bd840f3dfc5fc439fdd3d38be3de6ed1dd60ad0da3220603f947d1e14,f4ff8d170fb7b755a93780943609cc0b948765ad719375ec9d4ffd770085da7a
moogie-1,11,47.75194024662781,-0.12685174122452736,-26.76516056060791,-10.329931280216227,4840b071aa5eeddf20d056f42ae7a6d7212c31cbe2df5434552051c930a2ed05,068202fe693051580190734598958f55547324074f4af67fa4dabc23f799af54
moogie-1,12,47.75193336518917,-0.1268522720783949,-26.7651629447937,-10.320112556651761,0066dfdece83356e431d418c699cf9911f7c7ccffcc9db1df23e97c4ff68889f,57ff7b363e525756d5a87699b188631c1887de6b98a1a693033ba1cb04bcb3f9
moogie-1,13,47.751931712275876,-0.126852011308074,-26.76516056060791,-10.31030491449625,6601fea1d434744b2c3dcdcdbd5aa8e8b969654b8b2b68a710c11249f4e65f7d,bff413c73e16f8e7d88ec88d6378af919f61c89e97816eed875e59aeab90e5af
moogie-1,14,47.7519252579098,-0.12685280293226242,-26.7651629447937,-10.300508337117671,842f4f2df31b3594905555c4f06392ca2a4f44ecf1f12c0a6554700b80927575,99660c28aa1e7f090435302703a7b48fbd5fbf9392a4a71b820094568809c1b6
moogie-1,15,47.751934305053005,-0.12685280293226242,-26.76516056060791,-10.290722798677477,6dcb7d3af5ace2ad8488452895514392078b0e725a96260e2de1b4db95c7ea84,58121291bab47beb4b15b470b36b91a4ffad6c1f5ded7825625e6b0b5aebac5a
moogie-1,16,47.751933907955504,-0.1268533430993557,-26.76516056060791,-10.280948268870915,06c79138b9a465959eecba28b0acc3d4d6241cab4645a7bcb44b22d7a564d26b,12d6a3c16fc62388e9547c31854d60d7b9b8f282852255e57b39ad647628eb72
moogie-1,17,47.751931394869025,-0.1268522720783949,-26.76516056060791,-10.271184726219662,adca59e8a2319328372050b9a64e4797c15060ead153e695e150846183a7b36c,6f38f6fb734070a028867f720a3d2e6a161e96c6905e0de11e342c081d371244
moogie-1,18,47.75194039307387,-0.12685254216194153,-26.76516056060791,-10.261432148187449,f8aaed17d31cdf1c36d047c0e7ca783d9ea370d8c5a75041321d7844d08b04b5,dbb63a203e43d26e121b00d8a274f54c62bdfeaff31b5494ef421d98378c4d2e
moogie-1,19,47.75193494497936,-0.12685147114098072,-26.76516056060791,-10.251690506572187,f3a2f9b9a643f9119d4995c646399a97a972b45f09d754acf0f070bad33f6fe1,4ae1525d7ed43dbf2f715052ddea0c0d85bbcdfef22e5329ddc0f740202c412a
moogie-1,20,47.751932590969545,-0.1268533430993557,-26.7651629447937,-10.241959777047192,39499ac755020d0bed2ca794c3942f4be45e47391aec136d9399718346cc91d8,e095bff84e49cf1cafb57a5ab7c331ebcb4fbd04f485bedd153f4dca80bdedf4
moogie-1,21,47.751933815546266,-0.1268509402871132,-26.7651629447937,-10.232239940644964,b95d943443434d13b0e361054f49de082dc4325df63db44c64f65322fc67a528,5c8965b678f945aeb5688a019800f2dfc218214781cf0304bc2e741ded3a9e0a
moogie-1,22,47.751935813012764,-0.12685254216194153,-26.76516056060791,-10.222530966635548,a30d02af626b4e81afe1d9f4151ca09066a0c6c18a330a815c6c825f9dd4682d,e30d8c9abe1fe8aabde4344ea729aef4867e100ae0b4df19f7d015889ead15ec
moogie-1,23,47.75193710430311,-0.12685254216194153,-26.76516056060791,-10.212832832215309,979d20d264b2e34cda04e328b38ee987c8b6807d050019e8033be769f253ab24,fe7f06d9d55c6f8a3501808635d8f86a527bda7b292be3c0a8643fdc067c9915
moogie-1,24,47.751932713866374,-0.12685147114098072,-26.76516056060791,-10.203145520230528,4581f4eb57322a3d019597ae4bd525467a588ea35822b21739bc7d377b922b3b,447a97bab52a91b9b034f30c9328767a9df4b97e6181392fbe611be12dc96f72
moogie-1,25,47.75193291287863,-0.12685280293226242,-26.76516056060791,-10.193468993538177,973e8ed6b9de641c20895561ad5b72adb8c6c564ecf9985c9d697dc5c21d83b2,8296b6392ec585bc6259cd0511f29398b5433bae75d6fc2eccf64b3e4e08e71b
moogie-1,26,47.75193361643678,-0.12685174122452736,-26.7651629447937,-10.183803238329205,29ca296c15b362ef028a5ff4d4f181b93ddb3789586366171379666929fb6534,ad99fd22ecdf8de37cbf17f6ded3a3d0fa1e8e0c7727ba0a54f61cc37f4277a1
moogie-1,27,47.75192969147351,-0.126852011308074,-26.76516056060791,-10.174148224669196,fd29a765c775e70a9ae0506842831ff73cef2d966a03bd7f74db372c565d6207,4ea0341f1268a55fc27795ed7a0afeb67f16cea0aa5b6ddd7f502902301e1252
moogie-1,28,47.75193513524264,-0.12685040943324566,-26.7651629447937,-10.164503931057581,c01dffbf821ecc327e6e2e4e7bfa32fc01f54f245896be414a7446abdaafbe2d,c10ba7e87237b7624395cfa1fe11818b7f5159d760382c1bc3eb82a9417643c5
moogie-1,29,47.751937086077604,-0.1268522720783949,-26.76516056060791,-10.15487033745718,38874cecadf97b2b138cfd1bb1448a3c067fb6728a5d1eac6597c7b31e046efe,8cc11dd0590abb985531f96765bd1d3062748960b912389655b1d9dc650adf1c
moogie-1,30,47.751930954979265,-0.12685174122452736,-26.76516056060791,-10.145247415037257,65de61f9e30444a4d7a799eccfc61550eba982171826f2ef72dbb88663b77dde,4ecb86a4fd6fe4c5a23d4247ecf65cff368f7c34c9f72b837cba7cfb329b8020
moogie-1,31,47.751936164055,-0.12685147114098072,-26.7651629447937,-10.135635142888805,b6f811e39b2aa60f5b6fb43184c6ac854f4a98827b7ece851795081e3aae18f0,5207a9ccabe28d770782ea70485d845a29f1b04982a12c8e7d9c8d745d3c0b45
moogie-1,32,47.751938993055106,-0.12685280293226242,-26.76516056060791,-10.126033492767707,9c106e9c652e8446d5133b09e37956ab7c3ad4d1bcce22f13f78080e3c250558,1085b083749974cc77f971e9b47bcd1664a3b29a231c11e4be7efcb6232fe022
moogie-1,33,47.751928970391326,-0.12685254216194153,-26.7651629447937,-10.116442448356803,549853813c9481c44584af77fe39702eb031ebc3eacd136fd6c5a9d137a3f966,a3a2425d230a19a323bc1430f30b728371ef4ea17cf920856ab878b37db15e33
moogie-1,34,47.75193122243625,-0.1268522720783949,-26.76516056060791,-10.106861980103286,0e5351cb6a47ceebe49d2acac19f6d3f8440733ca0ee77b25c8accb1d51739d2,7b22ac29c45b14e31939be47a674bf0ef43430e122da563ccfae9e05337e1af5
moogie-1,35,47.75194014316144,-0.12685174122452736,-26.76516056060791,-10.097292068360764,0641b4f6999d9ad8f79c870df0c54075c189f35d3cea2e2d01b5b627d4ffcde2,6b48f4f32d922baf00d6b7ac345f3118a22bd5083d37b86e7fe9a60da3bd22ae
moogie-1,36,47.75193427085149,-0.12685280293226242,-26.76516056060791,-10.08773269246489,0ea3ea39a411f2c3e7649486d0fe19412f411d76827983be325c84a4b1d191df,cea274326eff2cccdfdfa513eb6f0ccd8ba829dac729caa7cc814e17e3bd6c0b
moogie-1,37,47.75193253433264,-0.126852011308074,-26.7651629447937,-10.078183822688452,aa2c8a60f951f5ce3129557c391b65dcdc9b3de5f131ca2984f7c1c2cf88575d,ae8b4a18c156a2da62eb1d57226fc3dc6ede3f242536beb0a8a4b9dbfba0bf82
moogie-1,38,47.75192868267296,-0.12685147114098072,-26.7651629447937,-10.068645438351872,dbd6a942ea03b9c22b838218a146562989d63b600ad15d6e62bef73417aaab5b,0471b0f1f3164e10396fa2191cba141f8b15468da601c874faa28580c24191bb
moogie-1,39,47.75193141065722,-0.12685121037065983,-26.7651629447937,-10.059117519594626,682f90897ec00f6898a40c048e5e12d8f5b90aee7f1526d56924d905897debb6,9f3c419773ed53b423d3ec065bd89bc8648b7afcc99a7a3cb62c5dea8a819def
moogie-1,40,47.7519416997885,-0.12685121037065983,-26.76516056060791,-10.049600036334727,c2a88d83a8601627b5f6e5b5e31d233f13fc86a61dacd2fad5855cd9f798afca,bdc4afc3591947ba7f9ac0d58946b5c068bda50cd55421c6e89c16faed37f45c
moogie-1,41,47.75193739552835,-0.126852011308074,-26.76516056060791,-10.040092972664599,feffd3024cc9829f3c6cf3c2f042bfb6b41784c9aa9fc7f692c93913cacdad40,f295b36fa808d428c7601c1dedc402949eec7e21eb65797c57c3b0eab55dcf4b
moogie-1,42,47.75193761620102,-0.12685174122452736,-26.7651629447937,-10.03059630532984,ecbcc8e80725624bc80acd1710fcad7851eb0852f2af22ba98e2a05ed61a4645,3fafb8afe73b862f1ce832b33d321ecfecca66933328bd44a52d639988487296
moogie-1,43,47.75193305477254,-0.12685147114098072,-26.7651629447937,-10.021110011270801,83074794fc12e717eae9bbaccf14c7fbaec03ed53b19f82fe700a9bd80e87465,afefcb8274c745eaba65892d62940aa3a36bf943efb652e4f0fb2d23a68ec2c5
moogie-1,44,47.75193846174002,-0.1268522720783949,-26.76516056060791,-10.011634062118782,a2596d3954fdcdc5ea33336d161c6ea4c90435a7b268bef93e5f5ad40a98667e,7f4d093a02405455a52d03b515e03451b04d375734a21f4689b8c1779cb9c08f
moogie-1,45,47.75193424046021,-0.12685174122452736,-26.7651629447937,-10.002168439874882,5e96c29eee1e6a528e5bf4effbae17ede6bf73a8463e959541a4dcb2e7cd90e8,96fb6d34d8f6b511398edb47acb9a42d2a813ae38eddaeef105da72713b2c92e
moogie-1,46,47.75194274740922,-0.126852011308074,-26.7651629447937,-9.992713122428484,b2e9460f25be2a71a57b75a111282db45dc25b52b35de8e0d6cffceb33df9d87,e196c1bc17a335b1d52a142ed479e1b5fc5132343cd102a70fa86c59aa2d426c
moogie-1,47,47.751938861907405,-0.1268522720783949,-26.7651629447937,-9.983268087412853,ca7935cf62a0f8badef782b290eb06f98177faa5b8bf0fed02ec4c26a1292b96,46d9ea2733ce2268ed861223b7b6f3e71a54078ede3526ba39a7915b9f07821b
moogie-1,48,47.75192746324951,-0.12685254216194153,-26.7651629447937,-9.973833312490463,4f19bd0b6d34f20f97227673ae4be37acdacfdade83d8895490eb3c5050090ad,c4072f9e3920237267de245e527912c167c500538d394921ea646187ea6a660b
moogie-1,49,47.75193750603275,-0.126852011308074,-26.76516056060791,-9.96440877296896,97b8824794ec92af78ef2a8d3691f289208d992ce4a4592def75aff170d8b9f9,b0e27ecb22876eeea81a6131a5ec50827eb2dacbf9b1d05cd929474254ae21c6
moogie-1,50,47.751931479632844,-0.12685254216194153,-26.7651629447937,-9.95499445069522,11caedc9ace5dfd882c3431487e69713ad62d81b9615ae39d43a9728ec653379,d646e91dfe8a16ece4e91e0cd9b334f7a71a2955c77efebe2e7fc47df371d433
moogie-1,51,47.75193665335589,-0.12685147114098072,-26.7651629447937,-9.945590320276485,36590645383d24f2d95f09beacb415c738a0baee284da0b9bedc590d3188411a,a501cb25aa48022f2326f533c5bc84f5c5687bd1e12db39ec3956df1fac414d0
moogie-1,52,47.75193204168302,-0.126852011308074,-26.76516056060791,-9.936196360379668,772ffe3f1ea3f6a640377d26dd0df147e5ba13708f30cd76e2f9f51262ea2746,d64b300126f63c09880b04c18840a10fa3da3cdf178ccd20469e70fbfe7f96dd
moogie-1,53,47.75193030643817,-0.12685147114098072,-26.7651629447937,-9.926812547418308,089d383558b515b77b3f23c1399b4fb6edea4048ebe1800a0220b2f25e99e2a1,696bb0a4b07124a5e73682d0ad45cffd729930417d17bbfa7398707cba126893
moogie-1,54,47.75193558607751,-0.126852011308074,-26.76516056060791,-9.917438861594492,09ce986f480a0ede755207879dea39ed3e3d555291d6393c6401fd573e12473d,0d0d669fb5f29fc29ed633cbb7ba595262cbc1ba8e5bfb8ed73b3214ed4b99fe
moogie-1,55,47.75193344065349,-0.12685147114098072,-26.76516056060791,-9.908075280812639,57c85d248659bf88b28369c62280324e3cc63d150b69e840028b811df90c598b,4b2a57d6303764eb5b9be9d062921b8d16a3c09143bf50ca5b1575b1b48823fb
moogie-1,56,47.751930025747285,-0.12685147114098072,-26.7651629447937,-9.898721785554432,eb11e3b51b93e65c1e3880b964b01817a8bf82b6c8c5950c708f923eba00a556,7c915c54202a28fb8dda79ebf6c40de42d2665b29dc2d72a76ab6a8daa69ef5c
moogie-1,57,47.75193727882561,-0.12685254216194153,-26.7651629447937,-9.889378353041586,d5ab3f25f2e5f1c24ae56c8a47f937d0143b02f53ce32b1171188e5ca661cdf3,931eef81db1dccffc188e52fd3e90732bfdebeeb05d6e9bad6fa25057d917068
moogie-1,58,47.75193145556173,-0.12685147114098072,-26.76516056060791,-9.88004495580961,5dca7585aaa0d4bec0106897848f7ddc1b2aaaabcf38fbc6b3d17c6dca7cfd96,873b99e7bc14321acdefbb5b1fd381a7b2d9a6c9e31f7bc85d08aa2ba0c66168
moogie-1,59,47.751931977149106,-0.1268509402871132,-26.7651629447937,-9.870721580565636,32fb2231a4f0acf217421805c7ed78e21eb781a6ba13aaf9236e807f72132c76,dba5982f445e21f36366f1b5f0cbaadd53b3bcdc41ad07cd1892318586b94753
moogie-1,60,47.751928427048526,-0.126852011308074,-26.7651629447937,-9.861408201034854,3b39af735ae3d22c1fd65c59ea4492c2f28d3296c589541f64b3cceeb4f38330,46b9af827ba57cada9e40c909e159b04dc3f0d0413410e3e8b881fcec6a2b3c6
moogie-1,61,47.751927398554145,-0.126852011308074,-26.76516056060791,-9.852104797208625,a36241bcee1fddd30c8ae45d8648b237776e9190aeafbda3d6caf9f1c5089349,82a8d88c7421b99ce58505291cbc0896d8a9fbe58ba4ca2ce147334f08ed6520
moogie-1,62,47.75192738569676,-0.12685147114098072,-26.7651629447937,-9.84281134850389,bffb977ee41d0147be478f6f45193514bfad0a2accad8e4f05e4ce466d49673e,9a4ef79805cc94cb0338b95b920ffefd88e4a35160d3e7ef3472fb2732e91290
moogie-1,63,47.75194167735437,-0.1268533430993557,-26.76516056060791,-9.833527831370217,a86ca9a9f8859d4dfc3cbef8017e0c47178e5088506a29a7c428d1d009435b38,7c15bf130c5fcd424e4a3f191c394b383d440e54631da118cd0788af795b7a2e
moogie-1,64,47.751940676986564,-0.12685307301580906,-26.76516056060791,-9.824254226704896,d2277c9148de52a25a45007d3f9498202bbbf4d9b5329149c0b3b6eaf83b98ec,d93c5f65614a06641d7390ab294cd950a113aa745551ba2ced27bf41843bf813
moogie-1,65,47.751928440635034,-0.126852011308074,-26.76516056060791,-9.814990511594242,48f7b068f7c16cc5bd28d9344fe378b3a029f3a875438aef2fdd2c7948ca9af6,f7f6b66f24b44cac56889689cd9b3e98b9c411b0b37cf1bf42d9fd008193fa0b
moogie-1,66,47.75193445178162,-0.1268506795167923,-26.76516056060791,-9.805736664555855,c61fd8cedc6265e03a390eaf22a84044884f8607f2bad95f411f6d0d8819c33f,e3746dc4b083bcdb4e11407862d404edd3b189693b64f470c27fe5d58c665fc5
moogie-1,67,47.75193546348686,-0.1268522720783949,-26.7651629447937,-9.796492668423667,30c4f710ee5da4df45720a103d91529f637715bcc22cfdfc0dbe1a5bde09569a,b76de5139f70acf1c06b9690384a997ed8877dd00e39900e4f616a61cbb31213
moogie-1,68,47.751932083003624,-0.12685147114098072,-26.76516056060791,-9.787258500242089,6736803f99a39d61b1105d24b93b955ab4109aa07123c66d1358886b4c115935,e5ded83b2e78727bb4018d5a36bd9bddaa14be6ffb9c9b8c5e19c314787ad513
moogie-1,69,47.75193325745353,-0.12685121037065983,-26.76516056060791,-9.778034137973272,9f069a9af42bfbd07b78213185f09d89e0bb882dddd263a9dacc82e219a7d69f,56b578a3fc212b3c2a8644c27025032f8732a86b091777ae8161fb0b12393bbb
moogie-1,70,47.751936435946085,-0.126852011308074,-26.76516056060791,-9.768819559077002,3b0d5d45ca29cd283464df79b8a0e31b012af519fab5e6564ad44d08cf6ff569,ce52e7e8ca2fb44f2040388ad2dbe8abb71b35097196dc6cd30da93bdf53942b
moogie-1,71,47.751932488773434,-0.1268522720783949,-26.76516056060791,-9.75961474797257,fa72ac2a50f3e3cc5ea30e4f03646b35680f7c074c9e140518f0c494d27efab8,d1a86753356b572af1b61fac064892403b4371f91df2c0ffed7aeeeae7d62cd0
moogie-1,72,47.751932442308274,-0.12685147114098072,-26.76516056060791,-9.750419681980867,f0ab4dada270ac61440e40655f1c0e6e658fa3edd957817af55b84d97d31abda,2214036457540c20ad78703370d6dcc203fa6ea2644dca6d7ebf359ae45353d8
moogie-1,73,47.751936492527996,-0.12685254216194153,-26.76516056060791,-9.741234335730043,77948817e33064925e1d56380b3a84bfd34a1d57973e8bcf5a5a5230859ade40,acc0aa3f911108adbf560c42f770fe54918f7de5585da65b709e209341cb2e76
moogie-1,74,47.75193756988813,-0.12685254216194153,-26.76516056060791,-9.732058701062986,0ebdb51a8ac8fbc96be120b2ded60d20563107ef98f1e69563de0e9bc963ccc2,bce49a5f158db860b55ec450a64af8f588530e476a0e2fd2d2d0d1586e04d347
moogie-1,75,47.75193102313516,-0.12685254216194153,-26.76516056060791,-9.722892742529375,036f26da311e41c2e39454e3508dad50eb164a2bde5f3df10f565ef7225cbfce,9abb26eb3bdfe5b21bd409692d352482a31b975feb1172e1b3d43f9c86af4ce1
moogie-1,76,47.75193267480589,-0.12685280293226242,-26.76516056060791,-9.713736443479544,696e281466313eff0a9b6eba0d2a7b35ce426fabb876045e4caa6a2d2a2ca065,6025ebc19c04fb0141962330d30a49af5e43b600d1ad9e06b9d03ca36db3ed39
moogie-1,77,47.75193018806492,-0.126852011308074,-26.76516056060791,-9.704589791877888,7f06342b084c6e889c7b49fb11e05ec9522ea03c9fe19cb1ecbca9edfbb5c431,ca016de0e5294de7fe83820df8b70a4ae3abba5f9356c1d5ab3fa79c833b40b7
moogie-1,78,47.75193238154776,-0.1268522720783949,-26.76516056060791,-9.695452762724972,5a648fdecff7b5386860da1469ca79e59a1e0931de22c319234afcc7c56e2cf1,ce88ca8533aabba8903a1e47e6d8c9f3dd93d852b7761474dacb34c8f450fe81
moogie-1,79,47.751936091621,-0.12685254216194153,-26.7651629447937,-9.68632533050695,59b421a64acaaddb25003c7c93e11355c05c647ab139e6acea64a21bc9997272,30aaf9c67233ad1e7fc10b43c61637a65858dc30d1ee92dfdeaf153d542abbf0
moogie-1,80,47.751930041387176,-0.12685280293226242,-26.76516056060791,-9.677207481809718,5cea45eee61a701f22a6a07634b1f6fd702dd1342c71b16254a6265183aec9bd,1689f84dcc5c775bbc7269a5a98d92d280bbb3bda3494f6e30ee44f52d1e2c3f
moogie-1,81,47.751936660239096,-0.12685121037065983,-26.76516056060791,-9.66809919598771,8c44358d9402909532b2ae79166dd0da236bb56c8d9457b05ceb967450185ffe,52ab404d685e96cffee4af5dc0050f56ff78b18fed2f2a09be39461f39b4a2e6
moogie-1,82,47.75192808802681,-0.1268522720783949,-26.76516056060791,-9.659000449412725,93a8f27dc9d1d40dba3e623de34b95b12bfc803d2efd24bc00da75166aee9e90,b27466e82c9e38fbdc12bccd0196695877331ea6d199c520b1643114d677087f
moogie-1,83,47.7519374675666,-0.126852011308074,-26.76516056060791,-9.649911225454936,f6478b65282b9a8d2427eeeefbcdfd2ffbc6cbd75695bc9f9aa558af984613c3,57f667cf9d334d177182f7d4818ebe428919a5ae639a04710e79e05449e7ef1d
moogie-1,84,47.751932268693615,-0.12685147114098072,-26.7651629447937,-9.640831499577958,27b1344020b721e8399c9a3a2e615da783775f113b319ac5f9dc3faa4ea21013,2638ba2994cbdd2ba8885b7d8ea4368ceb109ac09a5b52c6e171cd1574b7deb9
moogie-1,85,47.75192921265696,-0.1268509402871132,-26.76516056060791,-9.631761258091325,4bbf10bd2a6e0cbf30ae6511adf790f6e14e356f10a6082568a00fcf3ec6676f,3bd3774eac29953a278200fdd03ef453c753c6758320d60c7ae4f7322c796bf2
moogie-1,86,47.75193224543167,-0.126852011308074,-26.7651629447937,-9.622700479381553,c8c5ed3068eb7e8d219824e616b9c7efb55eeb549b537454810dee0d8d2fdd7f,ec83b28c640cafd5f54176d2544889fff11be882fc35fdd88f661f889ef49433
moogie-1,87,47.75193495658107,-0.1268522720783949,-26.7651629447937,-9.61364914186403,fc063888f9ceaca6735b1f9366b57fc31fb4d90dc9d4346c984cb058407bb0df,0cedf55dbb040c0477eaca817b1468771765c073ad4e91552a33c4db13442bb3
moogie-1,88,47.75193763775295,-0.12685147114098072,-26.76516056060791,-9.604607224768586,4fd2aacf27adaa4d5a4ae6f3885d3fcac5a76404764d220ccf7c7e4e967df69c,0559b3fc1188052ab748a72c55ed03ad77e3b0aaefca8e67ae84cfb766a49795
moogie-1,89,47.75193150887376,-0.12685307301580906,-26.76516056060791,-9.595574711341124,4533694de3d82b6ee0ab3fd60f48ef018c145ea4a8e8a5955033a7351980ee06,c891aa2f3c23d7503ea8841f36d8afdc559c4c143ca1544818dc8f32b2c60a9c
moogie-1,90,47.751939627923825,-0.1268536038696766,-26.76516056060791,-9.586551580671577,6f0cc0868aee08c1368d871e049d38367bc270f60520ebd961fc8ba4ec45b787,6a5ea9b823b39527f32b0bce06e05cf16ca6ecc54d66387da2d585c56414908a
moogie-1,91,47.751933385655036,-0.126852011308074,-26.76516056060791,-9.577537817004382,343496840df8d42f3fd9118dee029bdcbc49fdaae5ee642f624ddeae017e0233,8b7f62f48bf6aca04a01c325b4286658cca2c6252c41e022f4b71db2555828d4
moogie-1,92,47.751933061106165,-0.1268522720783949,-26.76516056060791,-9.568533394183003,7048d179f4a47f46fb99539f934cd7b266170a943d519309c3858afa58368108,be9d2d9b366f1eea99cf9906ec8f6e68fb33831aea777a21631b83b907d3d053
moogie-1,93,47.75193305811154,-0.126852011308074,-26.76516056060791,-9.559538296583463,be8be4cc0482ffa2113dcdda107dffacd2ed66f10de704c4a716300b4c343035,f7483d200a33c4e5b93a3e47c722bdb203d49574365055e2815e0d7d1ba57f5a
moogie-1,94,47.75193522798835,-0.12685254216194153,-26.76516056060791,-9.550552504662694,599dd07aa114854146f97940dc1c0528a5eeca384199048d1e337cf87146aabc,940b94c9a7b5e155c83045c5b8c32a298f01a566c797f254c7b7f86be7c05e73
moogie-1,95,47.75193139401854,-0.1268522720783949,-26.76516056060791,-9.541575998879203,cf4dfcd237fc07c2db11bad02bc76210635936df4d801570da9a02f71e33679c,e0f0ce8794c86ad63d77bc024f5a54eaad967b87b279c4262e4ae73a363dfa16
moogie-1,96,47.75193959537354,-0.12685254216194153,-26.76516056060791,-9.53260876490248,29594797a2ab8600c4208cbc8db9007f8d60ebc86be07d4267748ea4a2f9c1d9,0144995fdc38eec649bdb15612b6a8bf8a2e19635e9fda3a5136297acc88328d
moogie-1,97,47.75193522081904,-0.1268533430993557,-26.76516056060791,-9.52365077439625,0e2d6f0be4bfc3b098abf60f42184b3f598dfd7973b8ed71d87441c1614a45f2,0d8a50e731564d2735983bf5aee9fb7ebcacaae086cc4ac747853e1701f5c40a
moogie-1,98,47.75193638273917,-0.12685174122452736,-26.7651629447937,-9.51470201202002,ae44cfd8ba1ac9c80293ee9d876093daf244ea5b3d3be7d176ae882fd557b776,f78199aa7141f09df98edc845c5b71ddcfec23db3a3adbe170b5af21af1028e3
moogie-1,99,47.75193666760944,-0.12685174122452736,-26.76516056060791,-9.505762464816684,8630c885ba135519e9fe2b26ebdcaea3929b7dd445ae69e1b40dd00ae6ab963a,e199fba594c40633a37e055e091d7d02b674e3b8c3ff423bf1d793fe5fb398e7
moogie-1,100,47.75193669281201,-0.12685280293226242,-26.76516056060791,-9.496832105937393,0b217624764a85a7f83d0059d8e3f4e8833df59518d37a0a02154a738d91de9d,4ec53d683af11db76a32ba009ccdeed951d4e419143bacdff1fc7b870ae11bc6
moogie-1,101,47.751937216871326,-0.12685147114098072,-26.76516056060791,-9.487910917342024,e87f0fdabd08776bbf79c7864d349dd8bf7f4f9e8c4f00329606d30744a55968,a2cffae84d24a523fcbe61041cc54437389d4ae476d950b6f6da8b1a9ebea7b4
moogie-1,102,47.75193861425791,-0.12685254216194153,-26.76516056060791,-9.478998885796386,294de46a4fb1c975c8536775709f9b487396c087d285fc2efce43802af3977a1,4303c4bc84e49208e016646b927d2e3d4366b7a6ce58f62b5146f82e5b6d69b5
moogie-1,103,47.75193114830258,-0.12685147114098072,-26.7651629447937,-9.470095985641493,35ebe13bbc62d47fde4729af830685ebbc00d8daceb286e4e4fc6dcf58933c82,89ce3723c1caeafe7b2f329dad9ada150cfab75805da0759f28c78a959e2b580
moogie-1,104,47.751932338788244,-0.12685147114098072,-26.76516056060791,-9.461202203248925,e581008792f563f0234878d16a4f9b3b8c4d78af5f6aa2d31108fb46df7b9098,53bbeef7d5a9e6f98657ddabf68e19c0cbb685b87d4756d9a10ac5cde341f7b0
moogie-1,105,47.75193293947829,-0.12685280293226242,-26.76516056060791,-9.452317518973372,3b9bf99a85ba0dbfae2d70ec82c62f8499929a8475eabd6d5cf36d6691610ada,31d02ca6ce7843eb3dd68d4ef811455cff02f3fceaf0596bbf5a49c9b64ba80c
moogie-1,106,47.75193349014391,-0.12685147114098072,-26.76516056060791,-9.443441912349353,e230752c5ea4b2664431a700d025f19907bc537a741e514a71ae3ccc57e82f39,2529bc34149bda70fd00d58195cf62304a84b9241598c5abd962a07f02d2bb8b
moogie-1,107,47.75193675298326,-0.12685147114098072,-26.7651629447937,-9.434575367291325,392546456a5714256700a9ab2e26a4217b22d93336b3a2b83dd69125a53bcb9e,1ca1012e2d1bb12a1aa07878e7c1d2233ea121023e8c37d71bdb448e6feee701
moogie-1,108,47.75193527997687,-0.1268522720783949,-26.76516056060791,-9.425717863179338,18fbd4fd3c557a8bf1456c6e9e3ace78cefbebadf1ac076c90dfe0b5469bd2de,7537b8157e7a5dbb3bf859fad7ce850fc2e9db780667d31f89ea4ab0b81b7832
moogie-1,109,47.75193752146648,-0.1268509402871132,-26.76516056060791,-9.41686937964117,6b2c40808509b9817bcf6a9b1c003d9ed8be09319eea48114f56d0d1c7f8a114,96b6b724dbb2b20de07f500e77e4120d3e620869f778a7a5cfad3c4f1f7f29b0
moogie-1,110,47.75193634922949,-0.1268533430993557,-26.76516056060791,-9.408029904014088,8f166fbe4f79afa849287d41cf6e832ee2e05bc57a1aac3c88d0db8006cfafa8,a62530d1c68e803bdf562394068589ed1b621b54bd1a0f5b819993d88aac6c0c
moogie-1,111,47.751941555687864,-0.126852011308074,-26.76516056060791,-9.399199414019225,865acf84ad8b1ec5a6669fcebc89bfa5345e6066ab8fd735e816d7414cd2b383,888921c41820d5a6aad214554d13d3fb7fad3b277c590b4a1395cb540817e186
moogie-1,112,47.7519369436839,-0.12685174122452736,-26.7651629447937,-9.390377892793207,a3bb7023ea4957e222aba18c93361605bebc0d3fb7dfd4545bf46770786adb14,ca9daf2d6916fd19e17c0fcc7e9ef81b26405c914f468b985ee52d1dbae28a18
moogie-1,113,47.75193173263476,-0.12685121037065983,-26.76516056060791,-9.38156532138786,1465e9a627293664ada062d5a60f324019717ebd45d18f6bea1bc6fc08d9c863,e06e2932f2b125b7472b340be5d90751599842a350f83336784063b9f3fb9d55
moogie-1,114,47.7519348317262,-0.126852011308074,-26.76516056060791,-9.372761680753323,769e35a8723fc080ba690fb4a823ef3113aeec3a064ac39eb693c8896c82f3a5,e2cd31264aa852bf8d2bc2e9515940c549d6da47fe419572ae4a96ff608b7aff
moogie-1,115,47.75193243404247,-0.126852011308074,-26.7651629447937,-9.363966957685134,c2900c9a6c552e2d815b2b14accf6214e7bc22fe7ed23ddb55076a076dcd9b75,ac627d3dd7915128ec511598a17d8970e0d1ec038a0a8b093016f4bdc6dc3251
moogie-1,116,47.75193522299127,-0.12685174122452736,-26.7651629447937,-9.355181129183162,454dd7a8c3a551137c3ca0b3286f06a4e18fbe81af3917d9808980e928e445c8,1b8d9a81f36c9d2a165f229c2ff2804e02b94e18169da35471c09e2100b99997
moogie-1,117,47.75193736213827,-0.12685387395322323,-26.76516056060791,-9.346404175814673,6eb56428cb0e3ef99b169d24747100e58b6882062b1fdd5c46724df00c165fc7,462ca8bc3cf4ad64d441f972d32404c006f18141a489c3d08f78cce5b3b7f6cc
moogie-1,118,47.75193768355058,-0.12685254216194153,-26.76516056060791,-9.337636086314758,f0c80340c30410ab5fcb373e536f45b65d4fb833de15d1aec9c38cc840e93450,dcebeda6b4b35f0fa11aa6232f095c6d9827239c28c504040a476c35de7fca08
moogie-1,119,47.75193736423009,-0.12685147114098072,-26.7651629447937,-9.32887683618934,46d9847685dca1498f8ffc9c1464696d495fe9262ea56fdb267833101547f877,bf7a917ed16c4234dfd2b60d2461f534feb029ef1562a5d0042514b22d0b3277
moogie-1,120,47.75193218335838,-0.1268522720783949,-26.76516056060791,-9.32012641065068,817bdf53d095b00b8ccb657230249ed60f01e56afe6b1adb352c3a363c20e1bd,39acf1e7e9ad69f5e51ccd47df30e79fe6f7afe5a7c5038cfcef68dce8961522
moogie-1,121,47.75193226686644,-0.12685121037065983,-26.76516056060791,-9.311384795097599,8a9497e4caee1102796bdf5ab64e5b69b689d59a07e5c918cbbd30d84947c13c,223e982d644ad11f7f6624dfe6d1fa67f76c3e0d3683447723f169f4bc8fe88e
moogie-1,122,47.751938464779684,-0.12685307301580906,-26.7651629447937,-9.302651964952956,f3a0ec8cfb43dade9bf20814b3e9ce5afb072fde2e46d1c2ed98013cddc499b0,59c5af23676b55f84df857fdb59727f7a004b5d74f8a62bbbaafb5c3ae1a5d71
moogie-1,123,47.7519321474032,-0.12685254216194153,-26.7651629447937,-9.293927904296096,e71457bc74ae0df53ebf1dbe6470aeb6f2da89ed1b5ba65ab0034f0aa549c5b8,05ce0d6b9587ac0d601d28e60d228cb6c7f4d8006dc78c9aeb79ca037553dd29
moogie-1,124,47.75193878687255,-0.12685254216194153,-26.76516056060791,-9.285212602312468,7072f541790e9301e8dbfd2cc36f2f9ed34efeeb6a20a3eda1e3fcbea6af8ed1,35469452aea0cc61b7d9267264cbc4194c36a7a90f584d177b572447caa52f29
moogie-1,125,47.751935802661194,-0.12685147114098072,-26.76516056060791,-9.27650603329025,d9e9b57ef72107026417edb99ff5dc7c001d2e41a6f0ab94dd4b6654fb10a877,40b864fd25001f3e429342b88385890146a0bf42eae69a1d9915460f4144e789
moogie-1,126,47.75192958962219,-0.1268522720783949,-26.76516056060791,-9.267808182951219,8c1ced416471523e2d3fdc740ed080549d75697ab00f86c3af627fa0454d4b2d,101e1dcee03dc052034eccdeed356b94b33d2ec8f86e5bdcfba32f70bbe54ce1
moogie-1,127,47.75193466344782,-0.126852011308074,-26.76516056060791,-9.259119034318035,a43ecafe84b7ada4e4345a5ba7cdf8e228b13a56e0eb5d09c65cefe6eb6a2d9e,975e32cb5eaacabab3589f81c842209cefe0cd1345fb98f0fda5259d47a61625
